01/10/2013 00:05; 15.377
01/10/2013 00:11; 15.310
01/10/2013 00:17; 15.259
01/10/2013 00:23; 15.310
01/10/2013 00:29; 15.343
01/10/2013 00:35; 15.213
01/10/2013 00:41; 15.271
01/10/2013 00:47; 15.388
01/10/2013 00:53; 15.527
01/10/2013 00:59; 15.582
01/10/2013 01:05; 15.534
01/10/2013 01:11; 15.529
01/10/2013 01:17; 15.468
01/10/2013 01:23; 15.446
01/10/2013 01:29; 15.393
01/10/2013 01:35; 15.328
01/10/2013 01:41; 15.314
01/10/2013 01:47; 15.334
01/10/2013 01:53; 15.313
01/10/2013 01:59; 15.277
01/10/2013 02:05; 15.297
01/10/2013 02:11; 15.307
01/10/2013 02:17; 15.286
01/10/2013 02:23; 15.347
01/10/2013 02:29; 15.434
01/10/2013 02:35; 15.447
01/10/2013 02:41; 15.444
01/10/2013 02:47; 15.487
01/10/2013 02:53; 15.501
01/10/2013 02:59; 15.366
01/10/2013 03:05; 15.392
01/10/2013 03:11; 15.452
01/10/2013 03:17; 15.465
01/10/2013 03:23; 15.478
01/10/2013 03:29; 15.433
01/10/2013 03:35; 15.406
01/10/2013 03:41; 15.372
01/10/2013 03:47; 15.367
01/10/2013 03:53; 15.362
01/10/2013 03:59; 15.360
01/10/2013 04:05; 15.342
01/10/2013 04:11; 15.345
01/10/2013 04:17; 15.358
01/10/2013 04:23; 15.384
01/10/2013 04:29; 15.382
01/10/2013 04:35; 15.384
01/10/2013 04:41; 15.373
01/10/2013 04:47; 15.371
01/10/2013 04:53; 15.354
01/10/2013 04:59; 15.351
01/10/2013 05:05; 15.351
01/10/2013 05:11; 15.350
01/10/2013 05:17; 15.357
01/10/2013 05:23; 15.358
01/10/2013 05:29; 15.352
01/10/2013 05:35; 15.351
01/10/2013 05:41; 15.344
01/10/2013 05:47; 15.356
01/10/2013 05:53; 15.345
01/10/2013 05:59; 15.370
01/10/2013 06:05; 15.406
01/10/2013 06:11; 15.385
01/10/2013 06:17; 15.390
01/10/2013 06:23; 15.397
01/10/2013 06:29; 15.392
01/10/2013 06:35; 15.386
01/10/2013 06:41; 15.381
01/10/2013 06:47; 15.356
01/10/2013 06:53; 15.353
01/10/2013 06:59; 15.357
01/10/2013 07:05; 15.343
01/10/2013 07:11; 15.310
01/10/2013 07:17; 15.296
01/10/2013 07:23; 15.301
01/10/2013 07:29; 15.287
01/10/2013 07:35; 15.286
01/10/2013 07:41; 15.229
01/10/2013 07:47; 15.245
01/10/2013 07:53; 15.217
01/10/2013 07:59; 15.181
01/10/2013 08:05; 15.126
01/10/2013 08:11; 15.189
01/10/2013 08:17; 15.092
01/10/2013 08:23; 14.974
01/10/2013 08:29; 15.010
01/10/2013 08:35; 14.924
01/10/2013 08:41; 15.082
01/10/2013 08:47; 15.043
01/10/2013 08:53; 14.962
01/10/2013 08:59; 14.941
01/10/2013 09:05; 14.943
01/10/2013 09:11; 14.941
01/10/2013 09:17; 14.969
01/10/2013 09:23; 14.959
01/10/2013 09:29; 14.951
01/10/2013 09:35; 14.971
01/10/2013 09:41; 14.957
01/10/2013 09:47; 14.976
01/10/2013 09:53; 14.873
01/10/2013 09:59; 14.913
01/10/2013 10:05; 14.881
01/10/2013 10:11; 14.873
01/10/2013 10:17; 14.855
01/10/2013 10:23; 14.885
01/10/2013 10:29; 14.864
01/10/2013 10:35; 14.899
01/10/2013 10:41; 14.886
01/10/2013 10:47; 14.877
01/10/2013 10:53; 14.880
01/10/2013 10:59; 14.864
01/10/2013 11:05; 14.860
01/10/2013 11:11; 14.868
01/10/2013 11:17; 14.921
01/10/2013 11:23; 14.959
01/10/2013 11:29; 14.974
01/10/2013 11:35; 14.978
01/10/2013 11:41; 14.981
01/10/2013 11:47; 14.938
01/10/2013 11:53; 14.932
01/10/2013 11:59; 14.972
01/10/2013 12:05; 14.940
01/10/2013 12:11; 14.954
01/10/2013 12:17; 14.925
01/10/2013 12:23; 15.183
01/10/2013 12:29; 15.343
01/10/2013 12:35; 15.375
01/10/2013 12:41; 15.342
01/10/2013 12:47; 15.201
01/10/2013 12:53; 15.128
01/10/2013 12:59; 15.155
01/10/2013 13:05; 15.115
01/10/2013 13:11; 15.487
01/10/2013 13:17; 15.291
01/10/2013 13:23; 15.555
01/10/2013 13:29; 15.582
01/10/2013 13:35; 15.663
01/10/2013 13:41; 15.633
01/10/2013 13:47; 15.697
01/10/2013 13:53; 15.660
01/10/2013 13:59; 15.639
01/10/2013 14:05; 15.741
01/10/2013 14:11; 15.747
01/10/2013 14:17; 15.770
01/10/2013 14:23; 15.764
01/10/2013 14:29; 15.756
01/10/2013 14:35; 15.726
01/10/2013 14:41; 15.728
01/10/2013 14:47; 15.737
01/10/2013 14:53; 15.742
01/10/2013 14:59; 15.743
01/10/2013 15:05; 15.746
01/10/2013 15:11; 15.741
01/10/2013 15:17; 15.692
01/10/2013 15:23; 15.671
01/10/2013 15:29; 15.652
01/10/2013 15:35; 15.639
01/10/2013 15:41; 15.625
01/10/2013 15:47; 15.615
01/10/2013 15:53; 15.613
01/10/2013 15:59; 15.635
01/10/2013 16:05; 15.632
01/10/2013 16:11; 15.621
01/10/2013 16:17; 15.616
01/10/2013 16:23; 15.623
01/10/2013 16:29; 15.619
01/10/2013 16:35; 15.606
01/10/2013 16:41; 15.604
01/10/2013 16:47; 15.608
01/10/2013 16:53; 15.601
01/10/2013 16:59; 15.608
01/10/2013 17:05; 15.613
01/10/2013 17:11; 15.599
01/10/2013 17:17; 15.599
01/10/2013 17:23; 15.586
01/10/2013 17:29; 15.588
01/10/2013 17:35; 15.583
01/10/2013 17:41; 15.589
01/10/2013 17:47; 15.586
01/10/2013 17:53; 15.662
01/10/2013 17:59; 15.659
01/10/2013 18:05; 15.665
01/10/2013 18:11; 15.728
01/10/2013 18:17; 15.767
01/10/2013 18:23; 15.760
01/10/2013 18:29; 15.741
01/10/2013 18:35; 15.725
01/10/2013 18:41; 15.718
01/10/2013 18:47; 15.684
01/10/2013 18:53; 15.701
01/10/2013 18:59; 15.684
01/10/2013 19:05; 15.648
01/10/2013 19:11; 15.606
01/10/2013 19:17; 15.420
01/10/2013 19:23; 15.476
01/10/2013 19:29; 15.421
01/10/2013 19:35; 15.415
01/10/2013 19:41; 15.420
01/10/2013 19:47; 15.193
01/10/2013 19:53; 15.237
01/10/2013 19:59; 15.345
01/10/2013 20:05; 15.248
01/10/2013 20:11; 15.092
01/10/2013 20:17; 14.978
01/10/2013 20:23; 14.985
01/10/2013 20:29; 14.968
01/10/2013 20:35; 14.912
01/10/2013 20:41; 14.897
01/10/2013 20:47; 14.868
01/10/2013 20:53; 14.898
01/10/2013 20:59; 14.894
01/10/2013 21:05; 14.867
01/10/2013 21:11; 14.853
01/10/2013 21:17; 14.858
01/10/2013 21:23; 14.872
01/10/2013 21:29; 14.872
01/10/2013 21:35; 14.853
01/10/2013 21:41; 14.860
01/10/2013 21:47; 14.838
01/10/2013 21:53; 14.826
01/10/2013 21:59; 14.818
01/10/2013 22:05; 14.812
01/10/2013 22:11; 14.811
01/10/2013 22:17; 14.862
01/10/2013 22:23; 14.852
01/10/2013 22:29; 14.843
01/10/2013 22:35; 14.846
01/10/2013 22:41; 14.833
01/10/2013 22:47; 14.836
01/10/2013 22:53; 14.825
01/10/2013 22:59; 14.814
01/10/2013 23:05; 14.808
01/10/2013 23:11; 14.807
01/10/2013 23:17; 14.807
01/10/2013 23:23; 14.818
01/10/2013 23:29; 14.811
01/10/2013 23:35; 14.911
01/10/2013 23:41; 15.039
01/10/2013 23:47; 14.996
01/10/2013 23:53; 14.967
01/10/2013 23:59; 14.959
02/10/2013 00:05; 14.936
02/10/2013 00:11; 14.922
02/10/2013 00:17; 14.900
02/10/2013 00:23; 14.990
02/10/2013 00:29; 15.058
02/10/2013 00:35; 15.064
02/10/2013 00:41; 15.061
02/10/2013 00:47; 15.083
02/10/2013 00:53; 15.138
02/10/2013 00:59; 15.170
02/10/2013 01:05; 15.222
02/10/2013 01:11; 15.182
02/10/2013 01:17; 15.199
02/10/2013 01:23; 15.188
02/10/2013 01:29; 15.240
02/10/2013 01:35; 15.298
02/10/2013 01:41; 15.365
02/10/2013 01:47; 15.330
02/10/2013 01:53; 15.253
02/10/2013 01:59; 15.310
02/10/2013 02:05; 15.315
02/10/2013 02:11; 15.323
02/10/2013 02:17; 15.289
02/10/2013 02:23; 15.299
02/10/2013 02:29; 15.296
02/10/2013 02:35; 15.249
02/10/2013 02:41; 15.271
02/10/2013 02:47; 15.282
02/10/2013 02:53; 15.288
02/10/2013 02:59; 15.304
02/10/2013 03:05; 15.332
02/10/2013 03:11; 15.298
02/10/2013 03:17; 15.262
02/10/2013 03:23; 15.370
02/10/2013 03:29; 15.366
02/10/2013 03:35; 15.381
02/10/2013 03:41; 15.379
02/10/2013 03:47; 15.277
02/10/2013 03:53; 15.370
02/10/2013 03:59; 15.259
02/10/2013 04:05; 15.192
02/10/2013 04:11; 15.314
02/10/2013 04:17; 15.381
02/10/2013 04:23; 15.395
02/10/2013 04:29; 15.416
02/10/2013 04:35; 15.478
02/10/2013 04:41; 15.470
02/10/2013 04:47; 15.479
02/10/2013 04:53; 15.496
02/10/2013 04:59; 15.606
02/10/2013 05:05; 15.599
02/10/2013 05:11; 15.596
02/10/2013 05:17; 15.594
02/10/2013 05:23; 15.587
02/10/2013 05:29; 15.556
02/10/2013 05:35; 15.560
02/10/2013 05:41; 15.559
02/10/2013 05:47; 15.557
02/10/2013 05:53; 15.555
02/10/2013 05:59; 15.551
02/10/2013 06:05; 15.569
02/10/2013 06:11; 15.570
02/10/2013 06:17; 15.566
02/10/2013 06:23; 15.578
02/10/2013 06:29; 15.572
02/10/2013 06:35; 15.537
02/10/2013 06:41; 15.518
02/10/2013 06:47; 15.542
02/10/2013 06:53; 15.570
02/10/2013 06:59; 15.552
02/10/2013 07:05; 15.574
02/10/2013 07:11; 15.544
02/10/2013 07:17; 15.526
02/10/2013 07:23; 15.527
02/10/2013 07:29; 15.477
02/10/2013 07:35; 15.489
02/10/2013 07:41; 15.465
02/10/2013 07:47; 15.311
02/10/2013 07:53; 15.207
02/10/2013 07:59; 15.052
02/10/2013 08:05; 15.261
02/10/2013 08:11; 15.099
02/10/2013 08:17; 15.088
02/10/2013 08:23; 15.063
02/10/2013 08:29; 14.954
02/10/2013 08:35; 14.902
02/10/2013 08:41; 14.896
02/10/2013 08:47; 14.889
02/10/2013 08:53; 14.901
02/10/2013 08:59; 14.885
02/10/2013 09:05; 14.896
02/10/2013 09:11; 14.862
02/10/2013 09:17; 14.864
02/10/2013 09:23; 14.854
02/10/2013 09:29; 14.854
02/10/2013 09:35; 14.860
02/10/2013 09:41; 14.857
02/10/2013 09:47; 14.794
02/10/2013 09:53; 14.792
02/10/2013 09:59; 14.790
02/10/2013 10:05; 14.781
02/10/2013 10:11; 14.794
02/10/2013 10:17; 14.829
02/10/2013 10:23; 14.859
02/10/2013 10:29; 14.843
02/10/2013 10:35; 14.833
02/10/2013 10:41; 14.808
02/10/2013 10:47; 14.806
02/10/2013 10:53; 14.808
02/10/2013 10:59; 14.802
02/10/2013 11:05; 14.801
02/10/2013 11:11; 14.831
02/10/2013 11:17; 14.824
02/10/2013 11:23; 14.791
02/10/2013 11:29; 14.787
02/10/2013 11:35; 14.785
02/10/2013 11:41; 14.781
02/10/2013 11:47; 14.779
02/10/2013 11:53; 14.777
02/10/2013 11:59; 14.770
02/10/2013 12:05; 14.771
02/10/2013 12:11; 14.777
02/10/2013 12:17; 15.024
02/10/2013 12:23; 15.028
02/10/2013 12:29; 14.986
02/10/2013 12:35; 14.963
02/10/2013 12:41; 14.906
02/10/2013 12:47; 14.867
02/10/2013 12:53; 14.867
02/10/2013 12:59; 14.841
02/10/2013 13:05; 14.855
02/10/2013 13:11; 14.898
02/10/2013 13:17; 14.935
02/10/2013 13:23; 14.930
02/10/2013 13:29; 15.004
02/10/2013 13:35; 15.014
02/10/2013 13:41; 15.114
02/10/2013 13:47; 15.174
02/10/2013 13:53; 15.168
02/10/2013 13:59; 15.106
02/10/2013 14:05; 15.126
02/10/2013 14:11; 15.171
02/10/2013 14:17; 15.292
02/10/2013 14:23; 15.258
02/10/2013 14:29; 15.317
02/10/2013 14:35; 15.386
02/10/2013 14:41; 15.407
02/10/2013 14:47; 15.484
02/10/2013 14:53; 15.441
02/10/2013 14:59; 15.461
02/10/2013 15:05; 15.269
02/10/2013 15:11; 15.263
02/10/2013 15:17; 15.307
02/10/2013 15:23; 15.387
02/10/2013 15:29; 15.357
02/10/2013 15:35; 15.373
02/10/2013 15:41; 15.332
02/10/2013 15:47; 15.389
02/10/2013 15:53; 15.445
02/10/2013 15:59; 15.477
02/10/2013 16:05; 15.487
02/10/2013 16:11; 15.482
02/10/2013 16:17; 15.455
02/10/2013 16:23; 15.453
02/10/2013 16:29; 15.429
02/10/2013 16:35; 15.485
02/10/2013 16:41; 15.355
02/10/2013 16:47; 15.328
02/10/2013 16:53; 15.356
02/10/2013 16:59; 15.462
02/10/2013 17:05; 15.437
02/10/2013 17:11; 15.428
02/10/2013 17:17; 15.562
02/10/2013 17:23; 15.607
02/10/2013 17:29; 15.543
02/10/2013 17:35; 15.558
02/10/2013 17:41; 15.548
02/10/2013 17:47; 15.599
02/10/2013 17:53; 15.599
02/10/2013 17:59; 15.595
02/10/2013 18:05; 15.593
02/10/2013 18:11; 15.587
02/10/2013 18:17; 15.580
02/10/2013 18:23; 15.572
02/10/2013 18:29; 15.558
02/10/2013 18:35; 15.552
02/10/2013 18:41; 15.545
02/10/2013 18:47; 15.531
02/10/2013 18:53; 15.502
02/10/2013 18:59; 15.514
02/10/2013 19:05; 15.515
02/10/2013 19:11; 15.489
02/10/2013 19:17; 15.356
02/10/2013 19:23; 15.388
02/10/2013 19:29; 15.417
02/10/2013 19:35; 15.394
02/10/2013 19:41; 15.269
02/10/2013 19:47; 15.283
02/10/2013 19:53; 15.282
02/10/2013 19:59; 15.316
02/10/2013 20:05; 15.241
02/10/2013 20:11; 15.112
02/10/2013 20:17; 15.007
02/10/2013 20:23; 14.989
02/10/2013 20:29; 14.982
02/10/2013 20:35; 14.987
02/10/2013 20:41; 15.003
02/10/2013 20:47; 14.905
02/10/2013 20:53; 14.914
02/10/2013 20:59; 14.894
02/10/2013 21:05; 14.893
02/10/2013 21:11; 14.911
02/10/2013 21:17; 14.864
02/10/2013 21:23; 14.844
02/10/2013 21:29; 14.824
02/10/2013 21:35; 14.828
02/10/2013 21:41; 14.836
02/10/2013 21:47; 14.842
02/10/2013 21:53; 14.832
02/10/2013 21:59; 14.814
02/10/2013 22:05; 14.823
02/10/2013 22:11; 14.778
02/10/2013 22:17; 14.773
02/10/2013 22:23; 14.772
02/10/2013 22:29; 14.771
02/10/2013 22:35; 14.789
02/10/2013 22:41; 14.796
02/10/2013 22:47; 14.789
02/10/2013 22:53; 14.786
02/10/2013 22:59; 14.785
02/10/2013 23:05; 14.781
02/10/2013 23:11; 14.782
02/10/2013 23:17; 14.779
02/10/2013 23:23; 14.777
02/10/2013 23:29; 14.778
02/10/2013 23:35; 14.775
02/10/2013 23:41; 14.774
02/10/2013 23:47; 14.775
02/10/2013 23:53; 14.777
02/10/2013 23:59; 14.778
03/10/2013 00:05; 14.776
03/10/2013 00:11; 14.784
03/10/2013 00:17; 14.862
03/10/2013 00:23; 14.844
03/10/2013 00:29; 14.937
03/10/2013 00:35; 14.978
03/10/2013 00:41; 14.896
03/10/2013 00:47; 14.859
03/10/2013 00:53; 14.835
03/10/2013 00:59; 14.828
03/10/2013 01:05; 14.807
03/10/2013 01:11; 14.794
03/10/2013 01:17; 14.796
03/10/2013 01:23; 14.826
03/10/2013 01:29; 14.831
03/10/2013 01:35; 14.898
03/10/2013 01:41; 15.004
03/10/2013 01:47; 14.953
03/10/2013 01:53; 14.883
03/10/2013 01:59; 14.813
03/10/2013 02:05; 14.803
03/10/2013 02:11; 14.845
03/10/2013 02:17; 14.943
03/10/2013 02:23; 14.988
03/10/2013 02:29; 15.042
03/10/2013 02:35; 14.978
03/10/2013 02:41; 14.992
03/10/2013 02:47; 15.101
03/10/2013 02:53; 15.076
03/10/2013 02:59; 15.098
03/10/2013 03:05; 15.098
03/10/2013 03:11; 15.029
03/10/2013 03:17; 15.017
03/10/2013 03:23; 15.050
03/10/2013 03:29; 15.021
03/10/2013 03:35; 15.017
03/10/2013 03:41; 15.013
03/10/2013 03:47; 15.034
03/10/2013 03:53; 14.980
03/10/2013 03:59; 15.047
03/10/2013 04:05; 15.065
03/10/2013 04:11; 15.130
03/10/2013 04:17; 15.116
03/10/2013 04:23; 15.011
03/10/2013 04:29; 15.059
03/10/2013 04:35; 15.026
03/10/2013 04:41; 15.180
03/10/2013 04:47; 15.164
03/10/2013 04:53; 15.170
03/10/2013 04:59; 15.191
03/10/2013 05:05; 15.198
03/10/2013 05:11; 15.204
03/10/2013 05:17; 15.225
03/10/2013 05:23; 15.253
03/10/2013 05:29; 15.270
03/10/2013 05:35; 15.263
03/10/2013 05:41; 15.271
03/10/2013 05:47; 15.229
03/10/2013 05:53; 15.231
03/10/2013 05:59; 15.231
03/10/2013 06:05; 15.206
03/10/2013 06:11; 15.202
03/10/2013 06:17; 15.198
03/10/2013 06:23; 15.216
03/10/2013 06:29; 15.217
03/10/2013 06:35; 15.232
03/10/2013 06:41; 15.239
03/10/2013 06:47; 15.235
03/10/2013 06:53; 15.251
03/10/2013 06:59; 15.260
03/10/2013 07:05; 15.264
03/10/2013 07:11; 15.252
03/10/2013 07:17; 15.247
03/10/2013 07:23; 15.238
03/10/2013 07:29; 15.239
03/10/2013 07:35; 15.236
03/10/2013 07:41; 15.250
03/10/2013 07:47; 15.248
03/10/2013 07:53; 15.230
03/10/2013 07:59; 15.230
03/10/2013 08:05; 15.207
03/10/2013 08:11; 15.018
03/10/2013 08:17; 15.043
03/10/2013 08:23; 15.032
03/10/2013 08:29; 14.959
03/10/2013 08:35; 14.976
03/10/2013 09:57; 14.872
03/10/2013 09:57; 14.811
03/10/2013 09:59; 14.814
03/10/2013 10:05; 14.814
03/10/2013 10:11; 14.816
03/10/2013 10:17; 14.811
03/10/2013 10:23; 14.800
03/10/2013 10:29; 14.787
03/10/2013 10:35; 14.784
03/10/2013 10:41; 14.771
03/10/2013 10:47; 14.766
03/10/2013 10:53; 14.764
03/10/2013 10:59; 14.773
03/10/2013 11:05; 14.777
03/10/2013 11:11; 14.784
03/10/2013 11:17; 14.784
03/10/2013 11:23; 14.760
03/10/2013 11:29; 14.759
03/10/2013 11:35; 14.757
03/10/2013 11:41; 14.749
03/10/2013 11:47; 14.742
03/10/2013 11:53; 14.734
03/10/2013 11:59; 14.735
03/10/2013 12:05; 14.735
03/10/2013 12:11; 14.735
03/10/2013 12:17; 14.731
03/10/2013 12:23; 14.722
03/10/2013 12:29; 14.721
03/10/2013 12:35; 14.727
03/10/2013 12:41; 14.737
03/10/2013 12:47; 14.765
03/10/2013 12:53; 14.786
03/10/2013 12:59; 14.925
03/10/2013 13:05; 15.197
03/10/2013 13:11; 15.183
03/10/2013 13:17; 15.197
03/10/2013 13:23; 15.074
03/10/2013 13:29; 14.942
03/10/2013 13:35; 14.898
03/10/2013 13:41; 14.982
03/10/2013 13:47; 14.907
03/10/2013 13:53; 14.862
03/10/2013 13:59; 14.854
03/10/2013 14:05; 14.840
03/10/2013 14:11; 15.214
03/10/2013 14:17; 15.707
03/10/2013 14:23; 15.712
03/10/2013 14:29; 15.712
03/10/2013 14:35; 15.814
03/10/2013 14:41; 15.944
03/10/2013 14:47; 15.918
03/10/2013 14:53; 16.036
03/10/2013 14:59; 15.908
03/10/2013 15:05; 15.784
03/10/2013 15:11; 15.801
03/10/2013 15:17; 15.840
03/10/2013 15:23; 15.857
03/10/2013 15:29; 15.857
03/10/2013 15:35; 15.728
03/10/2013 15:41; 15.739
03/10/2013 15:47; 15.684
03/10/2013 15:53; 15.685
03/10/2013 15:59; 15.694
03/10/2013 16:05; 15.724
03/10/2013 16:11; 15.710
03/10/2013 16:17; 15.716
03/10/2013 16:23; 15.662
03/10/2013 16:29; 15.612
03/10/2013 16:35; 15.641
03/10/2013 16:41; 15.632
03/10/2013 16:47; 15.616
03/10/2013 16:53; 15.584
03/10/2013 16:59; 15.578
03/10/2013 17:05; 15.555
03/10/2013 17:11; 15.547
03/10/2013 17:17; 15.567
03/10/2013 17:23; 15.551
03/10/2013 17:29; 15.519
03/10/2013 17:35; 15.509
03/10/2013 17:41; 15.509
03/10/2013 17:47; 15.506
03/10/2013 17:53; 15.518
03/10/2013 17:59; 15.525
03/10/2013 18:05; 15.521
03/10/2013 18:11; 15.515
03/10/2013 18:17; 15.512
03/10/2013 18:23; 15.513
03/10/2013 18:29; 15.504
03/10/2013 18:35; 15.493
03/10/2013 18:41; 15.481
03/10/2013 18:47; 15.494
03/10/2013 18:53; 15.484
03/10/2013 18:59; 15.475
03/10/2013 19:05; 15.465
03/10/2013 19:11; 15.454
03/10/2013 19:17; 15.446
03/10/2013 19:23; 15.440
03/10/2013 19:29; 15.441
03/10/2013 19:35; 15.421
03/10/2013 19:41; 15.427
03/10/2013 19:47; 15.450
03/10/2013 19:53; 15.408
03/10/2013 19:59; 15.410
03/10/2013 20:05; 15.397
03/10/2013 20:11; 15.391
03/10/2013 20:17; 15.255
03/10/2013 20:23; 15.236
03/10/2013 20:29; 15.210
03/10/2013 20:35; 15.160
03/10/2013 20:41; 15.174
03/10/2013 20:47; 15.208
03/10/2013 20:53; 15.155
03/10/2013 20:59; 15.076
03/10/2013 21:05; 15.026
03/10/2013 21:11; 14.998
03/10/2013 21:17; 14.939
03/10/2013 21:23; 14.946
03/10/2013 21:29; 14.940
03/10/2013 21:35; 14.928
03/10/2013 21:41; 14.912
03/10/2013 21:47; 14.915
03/10/2013 21:53; 14.915
03/10/2013 21:59; 14.885
03/10/2013 22:05; 14.874
03/10/2013 22:11; 14.864
03/10/2013 22:17; 14.837
03/10/2013 22:23; 14.827
03/10/2013 22:29; 14.821
03/10/2013 22:35; 14.818
03/10/2013 22:41; 14.819
03/10/2013 22:47; 14.817
03/10/2013 22:53; 14.872
03/10/2013 22:59; 14.859
03/10/2013 23:05; 14.839
03/10/2013 23:11; 14.836
03/10/2013 23:17; 14.834
03/10/2013 23:23; 14.831
03/10/2013 23:29; 14.828
03/10/2013 23:35; 14.826
03/10/2013 23:41; 14.829
03/10/2013 23:47; 14.837
03/10/2013 23:53; 14.835
03/10/2013 23:59; 14.828
04/10/2013 00:05; 14.823
04/10/2013 00:11; 14.817
04/10/2013 00:17; 14.813
04/10/2013 00:23; 14.810
04/10/2013 00:29; 14.804
04/10/2013 00:35; 14.802
04/10/2013 00:41; 14.807
04/10/2013 00:47; 14.807
04/10/2013 00:53; 14.809
04/10/2013 00:59; 14.806
04/10/2013 01:05; 14.807
04/10/2013 01:11; 14.818
04/10/2013 01:17; 14.820
04/10/2013 01:23; 14.943
04/10/2013 01:29; 15.019
04/10/2013 01:35; 15.032
04/10/2013 01:41; 15.006
04/10/2013 01:47; 14.909
04/10/2013 01:53; 14.889
04/10/2013 01:59; 14.881
04/10/2013 02:05; 14.858
04/10/2013 02:11; 14.852
04/10/2013 02:17; 14.816
04/10/2013 02:23; 14.806
04/10/2013 02:29; 14.928
04/10/2013 02:35; 14.977
04/10/2013 02:41; 14.847
04/10/2013 02:47; 14.823
04/10/2013 02:53; 14.847
04/10/2013 02:59; 14.876
04/10/2013 03:05; 14.897
04/10/2013 03:11; 14.919
04/10/2013 03:17; 14.913
04/10/2013 03:23; 14.991
04/10/2013 03:29; 15.048
04/10/2013 03:35; 15.072
04/10/2013 03:41; 15.063
04/10/2013 03:47; 14.963
04/10/2013 03:53; 14.944
04/10/2013 03:59; 14.936
04/10/2013 04:05; 14.936
04/10/2013 04:11; 14.896
04/10/2013 04:17; 14.899
04/10/2013 04:23; 14.902
04/10/2013 04:29; 14.900
04/10/2013 04:35; 14.904
04/10/2013 04:41; 14.907
04/10/2013 04:47; 14.897
04/10/2013 04:53; 14.889
04/10/2013 04:59; 14.900
04/10/2013 05:05; 14.935
04/10/2013 05:11; 14.939
04/10/2013 05:17; 14.929
04/10/2013 05:23; 14.920
04/10/2013 05:29; 14.959
04/10/2013 05:35; 14.966
04/10/2013 05:41; 14.965
04/10/2013 05:47; 15.022
04/10/2013 05:53; 15.011
04/10/2013 05:59; 15.008
04/10/2013 06:05; 15.026
04/10/2013 06:11; 15.023
04/10/2013 06:17; 15.007
04/10/2013 06:23; 15.020
04/10/2013 06:29; 15.038
04/10/2013 06:35; 15.069
04/10/2013 06:41; 15.128
04/10/2013 06:47; 15.139
04/10/2013 06:53; 15.144
04/10/2013 06:59; 15.146
04/10/2013 07:05; 15.145
04/10/2013 07:11; 15.148
04/10/2013 07:17; 15.146
04/10/2013 07:23; 15.144
04/10/2013 07:29; 15.149
04/10/2013 07:35; 15.148
04/10/2013 07:41; 15.157
04/10/2013 07:47; 15.161
04/10/2013 07:53; 15.161
04/10/2013 07:59; 15.161
04/10/2013 08:05; 15.161
04/10/2013 08:11; 15.160
04/10/2013 08:17; 15.160
04/10/2013 08:23; 15.052
04/10/2013 08:29; 14.981
04/10/2013 08:35; 14.964
04/10/2013 08:41; 15.003
04/10/2013 08:47; 14.985
04/10/2013 08:53; 14.911
04/10/2013 08:59; 14.951
04/10/2013 09:05; 14.950
04/10/2013 09:11; 14.937
04/10/2013 09:17; 14.917
04/10/2013 09:23; 14.891
04/10/2013 09:29; 14.780
04/10/2013 09:35; 14.794
04/10/2013 09:41; 14.803
04/10/2013 09:47; 14.807
04/10/2013 09:53; 14.809
04/10/2013 09:59; 14.778
04/10/2013 10:05; 14.738
04/10/2013 10:11; 14.760
04/10/2013 10:17; 14.766
04/10/2013 10:23; 14.766
04/10/2013 10:29; 14.741
04/10/2013 10:35; 14.710
04/10/2013 10:41; 14.717
04/10/2013 10:47; 14.708
04/10/2013 10:53; 14.720
04/10/2013 10:59; 14.733
04/10/2013 11:05; 14.735
04/10/2013 11:11; 14.731
04/10/2013 11:17; 14.726
04/10/2013 11:23; 14.708
04/10/2013 11:29; 14.686
04/10/2013 11:35; 14.683
04/10/2013 11:41; 14.679
04/10/2013 11:47; 14.672
04/10/2013 11:53; 14.672
04/10/2013 11:59; 14.663
04/10/2013 12:05; 14.670
04/10/2013 12:11; 14.669
04/10/2013 12:17; 14.667
04/10/2013 12:23; 14.667
04/10/2013 12:29; 14.669
04/10/2013 12:35; 14.671
04/10/2013 12:41; 14.694
04/10/2013 12:47; 14.650
04/10/2013 12:53; 14.727
04/10/2013 12:59; 14.653
04/10/2013 13:05; 14.654
04/10/2013 13:11; 14.659
04/10/2013 13:17; 14.658
04/10/2013 13:23; 14.662
04/10/2013 13:29; 14.670
04/10/2013 13:35; 14.746
04/10/2013 13:41; 14.718
04/10/2013 13:47; 14.878
04/10/2013 13:53; 15.025
04/10/2013 13:59; 15.147
04/10/2013 14:05; 15.084
04/10/2013 14:11; 15.041
04/10/2013 14:17; 15.031
04/10/2013 14:23; 15.162
04/10/2013 14:29; 15.199
04/10/2013 14:35; 15.169
04/10/2013 14:41; 15.134
04/10/2013 14:47; 15.323
04/10/2013 14:53; 15.399
04/10/2013 14:59; 15.628
04/10/2013 15:05; 15.675
04/10/2013 15:11; 15.674
04/10/2013 15:17; 15.631
04/10/2013 15:23; 15.618
04/10/2013 15:29; 15.658
04/10/2013 15:35; 15.669
04/10/2013 15:41; 15.630
04/10/2013 15:47; 15.613
04/10/2013 15:53; 15.579
04/10/2013 15:59; 15.577
04/10/2013 16:05; 15.554
04/10/2013 16:11; 15.541
04/10/2013 16:17; 15.506
04/10/2013 16:23; 15.497
04/10/2013 16:29; 15.493
04/10/2013 16:35; 15.498
04/10/2013 16:41; 15.499
04/10/2013 16:47; 15.496
04/10/2013 16:53; 15.456
04/10/2013 16:59; 15.455
04/10/2013 17:05; 15.461
04/10/2013 17:11; 15.448
04/10/2013 17:17; 15.436
04/10/2013 17:23; 15.442
04/10/2013 17:29; 15.432
04/10/2013 17:35; 15.414
04/10/2013 17:41; 15.369
04/10/2013 17:47; 15.347
04/10/2013 17:53; 15.346
04/10/2013 17:59; 15.366
04/10/2013 18:05; 15.341
04/10/2013 18:11; 15.332
04/10/2013 18:17; 15.298
04/10/2013 18:23; 15.264
04/10/2013 18:29; 15.271
04/10/2013 18:35; 15.265
04/10/2013 18:41; 15.252
04/10/2013 18:47; 15.250
04/10/2013 18:53; 15.258
04/10/2013 18:59; 15.237
04/10/2013 19:05; 15.208
04/10/2013 19:11; 15.202
04/10/2013 19:17; 15.231
04/10/2013 19:23; 15.215
04/10/2013 19:29; 15.226
04/10/2013 19:35; 15.212
04/10/2013 19:41; 15.207
04/10/2013 19:47; 15.206
04/10/2013 19:53; 15.196
04/10/2013 19:59; 15.182
04/10/2013 20:05; 15.185
04/10/2013 20:11; 15.193
04/10/2013 20:17; 15.180
04/10/2013 20:23; 15.168
04/10/2013 20:29; 15.181
04/10/2013 20:35; 15.183
04/10/2013 20:41; 15.168
04/10/2013 20:47; 15.162
04/10/2013 20:53; 15.037
04/10/2013 20:59; 15.022
04/10/2013 21:05; 14.992
04/10/2013 21:11; 15.004
04/10/2013 21:17; 15.010
04/10/2013 21:23; 14.994
04/10/2013 21:29; 14.987
04/10/2013 21:35; 14.993
04/10/2013 21:41; 14.984
04/10/2013 21:47; 14.874
04/10/2013 21:53; 14.867
04/10/2013 21:59; 14.831
04/10/2013 22:05; 14.778
04/10/2013 22:11; 14.787
04/10/2013 22:17; 14.772
04/10/2013 22:23; 14.772
04/10/2013 22:29; 14.785
04/10/2013 22:35; 14.798
04/10/2013 22:41; 14.775
04/10/2013 22:47; 14.773
04/10/2013 22:53; 14.768
04/10/2013 22:59; 14.754
04/10/2013 23:05; 14.733
04/10/2013 23:11; 14.718
04/10/2013 23:17; 14.749
04/10/2013 23:23; 14.746
04/10/2013 23:29; 14.746
04/10/2013 23:35; 14.730
04/10/2013 23:41; 14.720
04/10/2013 23:47; 14.729
04/10/2013 23:53; 14.738
04/10/2013 23:59; 14.721
05/10/2013 00:05; 14.720
05/10/2013 00:11; 14.706
05/10/2013 00:17; 14.703
05/10/2013 00:23; 14.709
05/10/2013 00:29; 14.708
05/10/2013 00:35; 14.703
05/10/2013 00:41; 14.700
05/10/2013 00:47; 14.689
05/10/2013 00:53; 14.676
05/10/2013 00:59; 14.676
05/10/2013 01:05; 14.713
05/10/2013 01:11; 14.703
05/10/2013 01:17; 14.689
05/10/2013 01:23; 14.661
05/10/2013 01:29; 14.659
05/10/2013 01:35; 14.655
05/10/2013 01:41; 14.653
05/10/2013 01:47; 14.651
05/10/2013 01:53; 14.651
05/10/2013 01:59; 14.669
05/10/2013 02:05; 14.690
05/10/2013 02:11; 14.692
05/10/2013 02:17; 14.703
05/10/2013 02:23; 14.760
05/10/2013 02:29; 14.772
05/10/2013 02:35; 14.770
05/10/2013 02:41; 14.744
05/10/2013 02:47; 14.740
05/10/2013 02:53; 14.769
05/10/2013 02:59; 14.693
05/10/2013 03:05; 14.680
05/10/2013 03:11; 14.762
05/10/2013 03:17; 14.782
05/10/2013 03:23; 14.777
05/10/2013 03:29; 14.797
05/10/2013 03:35; 14.770
05/10/2013 03:41; 14.768
05/10/2013 03:47; 14.776
05/10/2013 03:53; 14.705
05/10/2013 03:59; 14.725
05/10/2013 04:05; 14.713
05/10/2013 04:11; 14.741
05/10/2013 04:17; 14.769
05/10/2013 04:23; 14.780
05/10/2013 04:29; 14.755
05/10/2013 04:35; 14.749
05/10/2013 04:41; 14.770
05/10/2013 04:47; 14.760
05/10/2013 04:53; 14.749
05/10/2013 04:59; 14.755
05/10/2013 05:05; 14.734
05/10/2013 05:11; 14.718
05/10/2013 05:17; 14.721
05/10/2013 05:23; 14.719
05/10/2013 05:29; 14.725
05/10/2013 05:35; 14.737
05/10/2013 05:41; 14.781
05/10/2013 05:47; 14.767
05/10/2013 05:53; 14.761
05/10/2013 05:59; 14.761
05/10/2013 06:05; 14.757
05/10/2013 06:11; 14.749
05/10/2013 06:17; 14.758
05/10/2013 06:23; 14.747
05/10/2013 06:29; 14.745
05/10/2013 06:35; 14.758
05/10/2013 06:41; 14.771
05/10/2013 06:47; 14.871
05/10/2013 06:53; 14.859
05/10/2013 06:59; 14.857
05/10/2013 07:05; 14.836
05/10/2013 07:11; 14.819
05/10/2013 07:17; 14.819
05/10/2013 07:23; 14.849
05/10/2013 07:29; 14.848
05/10/2013 07:35; 14.855
05/10/2013 07:41; 14.860
05/10/2013 07:47; 14.862
05/10/2013 07:53; 14.860
05/10/2013 07:59; 14.863
05/10/2013 08:05; 14.862
05/10/2013 08:11; 14.870
05/10/2013 08:17; 14.873
05/10/2013 08:23; 14.872
05/10/2013 08:29; 14.873
05/10/2013 08:35; 14.871
05/10/2013 08:41; 14.867
05/10/2013 08:47; 14.863
05/10/2013 08:53; 14.764
05/10/2013 08:59; 14.753
05/10/2013 09:05; 14.748
05/10/2013 09:11; 14.754
05/10/2013 09:17; 14.754
05/10/2013 09:23; 14.721
05/10/2013 09:29; 14.757
05/10/2013 09:35; 14.754
05/10/2013 09:41; 14.749
05/10/2013 09:47; 14.753
05/10/2013 09:53; 14.699
05/10/2013 09:59; 14.705
05/10/2013 10:05; 14.680
05/10/2013 10:11; 14.680
05/10/2013 10:17; 14.669
05/10/2013 10:23; 14.664
05/10/2013 10:29; 14.664
05/10/2013 10:35; 14.683
05/10/2013 10:41; 14.675
05/10/2013 10:47; 14.664
05/10/2013 10:53; 14.656
05/10/2013 10:59; 14.635
05/10/2013 11:05; 14.634
05/10/2013 11:11; 14.630
05/10/2013 11:17; 14.626
05/10/2013 11:23; 14.632
05/10/2013 11:29; 14.626
05/10/2013 11:35; 14.633
05/10/2013 11:41; 14.633
05/10/2013 11:47; 14.621
05/10/2013 11:53; 14.624
05/10/2013 11:59; 14.623
05/10/2013 12:05; 14.622
05/10/2013 12:11; 14.605
05/10/2013 12:17; 14.617
05/10/2013 12:23; 14.609
05/10/2013 12:29; 14.612
05/10/2013 12:35; 14.618
05/10/2013 12:41; 14.615
05/10/2013 12:47; 14.615
05/10/2013 12:53; 14.614
05/10/2013 12:59; 14.617
05/10/2013 13:05; 14.626
05/10/2013 13:11; 14.630
05/10/2013 13:17; 14.651
05/10/2013 13:23; 14.648
05/10/2013 13:29; 14.681
05/10/2013 13:35; 14.758
05/10/2013 13:41; 14.721
05/10/2013 13:47; 14.712
05/10/2013 13:53; 14.714
05/10/2013 13:59; 14.724
05/10/2013 14:05; 14.733
05/10/2013 14:11; 14.696
05/10/2013 14:17; 14.710
05/10/2013 14:23; 14.720
05/10/2013 14:29; 14.802
05/10/2013 14:35; 14.934
05/10/2013 14:41; 14.910
05/10/2013 14:47; 14.877
05/10/2013 14:53; 14.892
05/10/2013 14:59; 14.850
05/10/2013 15:05; 14.769
05/10/2013 15:11; 14.940
05/10/2013 15:17; 14.736
05/10/2013 15:23; 15.057
05/10/2013 15:29; 15.348
05/10/2013 15:35; 15.264
05/10/2013 15:41; 15.403
05/10/2013 15:47; 15.376
05/10/2013 15:53; 15.582
05/10/2013 15:59; 15.589
05/10/2013 16:05; 15.589
05/10/2013 16:11; 15.605
05/10/2013 16:17; 15.590
05/10/2013 16:23; 15.597
05/10/2013 16:29; 15.586
05/10/2013 16:35; 15.527
05/10/2013 16:41; 15.512
05/10/2013 16:47; 15.506
05/10/2013 16:53; 15.481
05/10/2013 16:59; 15.445
05/10/2013 17:05; 15.429
05/10/2013 17:11; 15.391
05/10/2013 17:17; 15.402
05/10/2013 17:23; 15.421
05/10/2013 17:29; 15.411
05/10/2013 17:35; 15.427
05/10/2013 17:41; 15.351
05/10/2013 17:47; 15.415
05/10/2013 17:53; 15.428
05/10/2013 17:59; 15.523
05/10/2013 18:05; 15.419
05/10/2013 18:11; 15.314
05/10/2013 18:17; 15.263
05/10/2013 18:23; 15.261
05/10/2013 18:29; 15.167
05/10/2013 18:35; 15.155
05/10/2013 18:41; 15.154
05/10/2013 18:47; 15.147
05/10/2013 18:53; 15.146
05/10/2013 18:59; 15.147
05/10/2013 19:05; 15.134
05/10/2013 19:11; 15.122
05/10/2013 19:17; 15.109
05/10/2013 19:23; 15.117
05/10/2013 19:29; 15.109
05/10/2013 19:35; 15.113
05/10/2013 19:41; 15.118
05/10/2013 19:47; 15.117
05/10/2013 19:53; 15.078
05/10/2013 19:59; 15.082
05/10/2013 20:05; 15.081
05/10/2013 20:11; 15.078
05/10/2013 20:17; 15.078
05/10/2013 20:23; 15.081
05/10/2013 20:29; 15.082
05/10/2013 20:35; 15.082
05/10/2013 20:41; 15.080
05/10/2013 20:47; 15.080
05/10/2013 20:53; 15.078
05/10/2013 20:59; 15.080
05/10/2013 21:05; 15.079
05/10/2013 21:11; 15.079
05/10/2013 21:17; 15.079
05/10/2013 21:23; 15.046
05/10/2013 21:29; 15.049
05/10/2013 21:35; 14.951
05/10/2013 21:41; 14.942
05/10/2013 21:47; 14.955
05/10/2013 21:53; 14.894
05/10/2013 21:59; 14.944
05/10/2013 22:05; 14.903
05/10/2013 22:11; 14.913
05/10/2013 22:17; 14.844
05/10/2013 22:23; 14.881
05/10/2013 22:29; 14.862
05/10/2013 22:35; 14.750
05/10/2013 22:41; 14.708
05/10/2013 22:47; 14.720
05/10/2013 22:53; 14.739
05/10/2013 22:59; 14.740
05/10/2013 23:05; 14.732
05/10/2013 23:11; 14.697
05/10/2013 23:17; 14.705
05/10/2013 23:23; 14.695
05/10/2013 23:29; 14.690
05/10/2013 23:35; 14.686
05/10/2013 23:41; 14.676
05/10/2013 23:47; 14.678
05/10/2013 23:53; 14.683
05/10/2013 23:59; 14.679
06/10/2013 00:05; 14.665
06/10/2013 00:11; 14.663
06/10/2013 00:17; 14.671
06/10/2013 00:23; 14.667
06/10/2013 00:29; 14.661
06/10/2013 00:35; 14.661
06/10/2013 00:41; 14.662
06/10/2013 00:47; 14.654
06/10/2013 00:53; 14.654
06/10/2013 00:59; 14.635
06/10/2013 01:05; 14.633
06/10/2013 01:11; 14.628
06/10/2013 01:17; 14.610
06/10/2013 01:23; 14.606
06/10/2013 01:29; 14.607
06/10/2013 01:35; 14.611
06/10/2013 01:41; 14.603
06/10/2013 01:47; 14.600
06/10/2013 01:53; 14.595
06/10/2013 01:59; 14.606
06/10/2013 02:05; 14.648
06/10/2013 02:11; 14.660
06/10/2013 02:17; 14.682
06/10/2013 02:23; 14.648
06/10/2013 02:29; 14.642
06/10/2013 02:35; 14.624
06/10/2013 02:41; 14.601
06/10/2013 02:47; 14.592
06/10/2013 02:53; 14.624
06/10/2013 02:59; 14.654
06/10/2013 03:05; 14.691
06/10/2013 03:11; 14.705
06/10/2013 03:17; 14.702
06/10/2013 03:23; 14.693
06/10/2013 03:29; 14.643
06/10/2013 03:35; 14.650
06/10/2013 03:41; 14.695
06/10/2013 03:47; 14.700
06/10/2013 03:53; 14.694
06/10/2013 03:59; 14.698
06/10/2013 04:05; 14.708
06/10/2013 04:11; 14.700
06/10/2013 04:17; 14.674
06/10/2013 04:23; 14.649
06/10/2013 04:29; 14.636
06/10/2013 04:35; 14.648
06/10/2013 04:41; 14.660
06/10/2013 04:47; 14.668
06/10/2013 04:53; 14.684
06/10/2013 04:59; 14.678
06/10/2013 05:05; 14.675
06/10/2013 05:11; 14.671
06/10/2013 05:17; 14.671
06/10/2013 05:23; 14.667
06/10/2013 05:29; 14.660
06/10/2013 05:35; 14.662
06/10/2013 05:41; 14.663
06/10/2013 05:47; 14.662
06/10/2013 05:53; 14.651
06/10/2013 05:59; 14.647
06/10/2013 06:05; 14.649
06/10/2013 06:11; 14.650
06/10/2013 06:17; 14.660
06/10/2013 06:23; 14.665
06/10/2013 06:29; 14.684
06/10/2013 06:35; 14.683
06/10/2013 06:41; 14.682
06/10/2013 06:47; 14.685
06/10/2013 06:53; 14.688
06/10/2013 06:59; 14.692
06/10/2013 07:05; 14.691
06/10/2013 07:11; 14.685
06/10/2013 07:17; 14.699
06/10/2013 07:23; 14.689
06/10/2013 07:29; 14.693
06/10/2013 07:35; 14.710
06/10/2013 07:41; 14.717
06/10/2013 07:47; 14.718
06/10/2013 07:53; 14.708
06/10/2013 07:59; 14.743
06/10/2013 08:05; 14.752
06/10/2013 08:11; 14.751
06/10/2013 08:17; 14.747
06/10/2013 08:23; 14.749
06/10/2013 08:29; 14.760
06/10/2013 08:35; 14.761
06/10/2013 08:41; 14.762
06/10/2013 08:47; 14.762
06/10/2013 08:53; 14.768
06/10/2013 08:59; 14.769
06/10/2013 09:05; 14.770
06/10/2013 09:11; 14.766
06/10/2013 09:17; 14.729
06/10/2013 09:23; 14.638
06/10/2013 09:29; 14.649
06/10/2013 09:35; 14.641
06/10/2013 09:41; 14.651
06/10/2013 09:47; 14.639
06/10/2013 09:53; 14.625
06/10/2013 09:59; 14.665
06/10/2013 10:05; 14.637
06/10/2013 10:11; 14.632
06/10/2013 10:17; 14.643
06/10/2013 10:23; 14.657
06/10/2013 10:29; 14.651
06/10/2013 10:35; 14.650
06/10/2013 10:41; 14.615
06/10/2013 10:47; 14.626
06/10/2013 10:53; 14.613
06/10/2013 10:59; 14.622
06/10/2013 11:05; 14.606
06/10/2013 11:11; 14.603
06/10/2013 11:17; 14.610
06/10/2013 11:23; 14.604
06/10/2013 11:29; 14.611
06/10/2013 11:35; 14.598
06/10/2013 11:41; 14.585
06/10/2013 11:47; 14.577
06/10/2013 11:53; 14.585
06/10/2013 11:59; 14.585
06/10/2013 12:05; 14.596
06/10/2013 12:11; 14.585
06/10/2013 12:17; 14.581
06/10/2013 12:23; 14.581
06/10/2013 12:29; 14.583
06/10/2013 12:35; 14.580
06/10/2013 12:41; 14.576
06/10/2013 12:47; 14.596
06/10/2013 12:53; 14.596
06/10/2013 12:59; 14.587
06/10/2013 13:05; 14.579
06/10/2013 13:11; 14.590
06/10/2013 13:17; 14.612
06/10/2013 13:23; 14.634
06/10/2013 13:29; 14.619
06/10/2013 13:35; 14.624
06/10/2013 13:41; 14.616
06/10/2013 13:47; 14.617
06/10/2013 13:53; 14.589
06/10/2013 13:59; 14.701
06/10/2013 14:05; 14.715
06/10/2013 14:11; 14.754
06/10/2013 14:17; 14.758
06/10/2013 14:23; 14.695
06/10/2013 14:29; 14.781
06/10/2013 14:35; 14.719
06/10/2013 14:41; 14.782
06/10/2013 14:47; 14.813
06/10/2013 14:53; 14.894
06/10/2013 14:59; 14.766
06/10/2013 15:05; 14.773
06/10/2013 15:11; 14.863
06/10/2013 15:17; 14.851
06/10/2013 15:23; 14.837
06/10/2013 15:29; 14.865
06/10/2013 15:35; 14.907
06/10/2013 15:41; 14.896
06/10/2013 15:47; 14.897
06/10/2013 15:53; 14.861
06/10/2013 15:59; 14.815
06/10/2013 16:05; 14.914
06/10/2013 16:11; 14.957
06/10/2013 16:17; 14.947
06/10/2013 16:23; 14.976
06/10/2013 16:29; 14.993
06/10/2013 16:35; 14.999
06/10/2013 16:41; 14.971
06/10/2013 16:47; 15.045
06/10/2013 16:53; 15.112
06/10/2013 16:59; 15.102
06/10/2013 17:05; 15.044
06/10/2013 17:11; 15.065
06/10/2013 17:17; 15.125
06/10/2013 17:23; 15.096
06/10/2013 17:29; 15.148
06/10/2013 17:35; 15.133
06/10/2013 17:41; 15.133
06/10/2013 17:47; 15.172
06/10/2013 17:53; 15.190
06/10/2013 17:59; 15.137
06/10/2013 18:05; 15.110
06/10/2013 18:11; 15.118
06/10/2013 18:17; 15.147
06/10/2013 18:23; 15.128
06/10/2013 18:29; 15.122
06/10/2013 18:35; 15.128
06/10/2013 18:41; 15.161
06/10/2013 18:47; 15.237
06/10/2013 18:53; 15.033
06/10/2013 18:59; 15.003
06/10/2013 19:05; 15.001
06/10/2013 19:11; 14.991
06/10/2013 19:17; 14.989
06/10/2013 19:23; 14.988
06/10/2013 19:29; 14.987
06/10/2013 19:35; 14.984
06/10/2013 19:41; 14.982
06/10/2013 19:47; 14.980
06/10/2013 19:53; 14.984
06/10/2013 19:59; 14.983
06/10/2013 20:05; 14.978
06/10/2013 20:11; 14.964
06/10/2013 20:17; 14.961
06/10/2013 20:23; 14.964
06/10/2013 20:29; 14.965
06/10/2013 20:35; 14.963
06/10/2013 20:41; 14.965
06/10/2013 20:47; 14.967
06/10/2013 20:53; 14.969
06/10/2013 20:59; 14.970
06/10/2013 21:05; 14.972
06/10/2013 21:11; 14.973
06/10/2013 21:17; 14.969
06/10/2013 21:23; 14.970
06/10/2013 21:29; 14.948
06/10/2013 21:35; 14.949
06/10/2013 21:41; 14.942
06/10/2013 21:47; 14.937
06/10/2013 21:53; 14.942
06/10/2013 21:59; 14.912
06/10/2013 22:05; 14.889
06/10/2013 22:11; 14.878
06/10/2013 22:17; 14.898
06/10/2013 22:23; 14.895
06/10/2013 22:29; 14.881
06/10/2013 22:35; 14.878
06/10/2013 22:41; 14.880
06/10/2013 22:47; 14.877
06/10/2013 22:53; 14.891
06/10/2013 22:59; 14.896
06/10/2013 23:05; 14.872
06/10/2013 23:11; 14.863
06/10/2013 23:17; 14.866
06/10/2013 23:23; 14.856
06/10/2013 23:29; 14.847
06/10/2013 23:35; 14.847
06/10/2013 23:41; 14.837
06/10/2013 23:47; 14.845
06/10/2013 23:53; 14.842
06/10/2013 23:59; 14.835
07/10/2013 00:05; 14.833
07/10/2013 00:11; 14.829
07/10/2013 00:17; 14.827
07/10/2013 00:23; 14.826
07/10/2013 00:29; 14.825
07/10/2013 00:35; 14.824
07/10/2013 00:41; 14.822
07/10/2013 00:47; 14.823
07/10/2013 00:53; 14.822
07/10/2013 00:59; 14.823
07/10/2013 01:05; 14.823
07/10/2013 01:11; 14.821
07/10/2013 01:17; 14.820
07/10/2013 01:23; 14.820
07/10/2013 01:29; 14.822
07/10/2013 01:35; 14.821
07/10/2013 01:41; 14.820
07/10/2013 01:47; 14.824
07/10/2013 01:53; 14.828
07/10/2013 01:59; 14.825
07/10/2013 02:05; 14.829
07/10/2013 02:11; 14.831
07/10/2013 02:17; 14.828
07/10/2013 02:23; 14.828
07/10/2013 02:29; 14.830
07/10/2013 02:35; 14.830
07/10/2013 02:41; 14.831
07/10/2013 02:47; 14.831
07/10/2013 02:53; 14.824
07/10/2013 02:59; 14.828
07/10/2013 03:05; 14.829
07/10/2013 03:11; 14.829
07/10/2013 03:17; 14.828
07/10/2013 03:23; 14.828
07/10/2013 03:29; 14.825
07/10/2013 03:35; 14.828
07/10/2013 03:41; 14.825
07/10/2013 03:47; 14.824
07/10/2013 03:53; 14.820
07/10/2013 03:59; 14.821
07/10/2013 04:05; 14.820
07/10/2013 04:11; 14.815
07/10/2013 04:17; 14.814
07/10/2013 04:23; 14.812
07/10/2013 04:29; 14.812
07/10/2013 04:35; 14.810
07/10/2013 04:41; 14.808
07/10/2013 04:47; 14.803
07/10/2013 04:53; 14.803
07/10/2013 04:59; 14.792
07/10/2013 05:05; 14.791
07/10/2013 05:11; 14.774
07/10/2013 05:17; 14.753
07/10/2013 05:23; 14.749
07/10/2013 05:29; 14.741
07/10/2013 05:35; 14.733
07/10/2013 05:41; 14.713
07/10/2013 05:47; 14.689
07/10/2013 05:53; 14.676
07/10/2013 05:59; 14.686
07/10/2013 06:05; 14.686
07/10/2013 06:11; 14.675
07/10/2013 06:17; 14.676
07/10/2013 06:23; 14.689
07/10/2013 06:29; 14.686
07/10/2013 06:35; 14.690
07/10/2013 06:41; 14.685
07/10/2013 06:47; 14.683
07/10/2013 06:53; 14.695
07/10/2013 06:59; 14.680
07/10/2013 07:05; 14.676
07/10/2013 07:11; 14.678
07/10/2013 07:17; 14.671
07/10/2013 07:23; 14.671
07/10/2013 07:29; 14.673
07/10/2013 07:35; 14.667
07/10/2013 07:41; 14.677
07/10/2013 07:47; 14.678
07/10/2013 07:53; 14.677
07/10/2013 07:59; 14.671
07/10/2013 08:05; 14.689
07/10/2013 08:11; 14.690
07/10/2013 08:17; 14.695
07/10/2013 08:23; 14.697
07/10/2013 08:29; 14.698
07/10/2013 08:35; 14.705
07/10/2013 08:41; 14.714
07/10/2013 08:47; 14.721
07/10/2013 08:53; 14.712
07/10/2013 08:59; 14.721
07/10/2013 09:05; 14.724
07/10/2013 09:11; 14.723
07/10/2013 09:17; 14.724
07/10/2013 09:23; 14.731
07/10/2013 09:29; 14.738
07/10/2013 09:35; 14.736
07/10/2013 09:41; 14.760
07/10/2013 09:47; 14.785
07/10/2013 09:53; 14.754
07/10/2013 09:59; 14.753
07/10/2013 10:05; 14.772
07/10/2013 10:11; 14.771
07/10/2013 10:17; 14.784
07/10/2013 10:23; 14.798
07/10/2013 10:29; 14.785
07/10/2013 10:35; 14.785
07/10/2013 10:41; 14.780
07/10/2013 10:47; 14.775
07/10/2013 10:53; 14.776
07/10/2013 10:59; 14.778
07/10/2013 11:05; 14.786
07/10/2013 11:11; 14.792
07/10/2013 11:17; 14.795
07/10/2013 11:23; 14.784
07/10/2013 11:29; 14.782
07/10/2013 11:35; 14.779
07/10/2013 11:41; 14.773
07/10/2013 11:47; 14.779
07/10/2013 11:53; 14.774
07/10/2013 11:59; 14.782
07/10/2013 12:05; 14.773
07/10/2013 12:11; 14.768
07/10/2013 12:17; 14.768
07/10/2013 12:23; 14.767
07/10/2013 12:29; 14.770
07/10/2013 12:35; 14.776
07/10/2013 12:41; 14.772
07/10/2013 12:47; 14.772
07/10/2013 12:53; 14.779
07/10/2013 12:59; 14.773
07/10/2013 13:05; 14.780
07/10/2013 13:11; 14.778
07/10/2013 13:17; 14.776
07/10/2013 13:23; 14.776
07/10/2013 13:29; 14.777
07/10/2013 13:35; 14.780
07/10/2013 13:41; 14.782
07/10/2013 13:47; 14.781
07/10/2013 13:53; 14.780
07/10/2013 13:59; 14.780
07/10/2013 14:05; 14.783
07/10/2013 14:11; 14.787
07/10/2013 14:17; 14.789
07/10/2013 14:23; 14.787
07/10/2013 14:29; 14.798
07/10/2013 14:35; 14.806
07/10/2013 14:41; 14.817
07/10/2013 14:47; 14.802
07/10/2013 14:53; 14.812
07/10/2013 14:59; 14.822
07/10/2013 15:05; 14.841
07/10/2013 15:11; 14.831
07/10/2013 15:17; 14.828
07/10/2013 15:23; 14.824
07/10/2013 15:29; 14.838
07/10/2013 15:35; 14.870
07/10/2013 15:41; 14.875
07/10/2013 15:47; 14.884
07/10/2013 15:53; 14.879
07/10/2013 15:59; 14.892
07/10/2013 16:05; 14.889
07/10/2013 16:11; 14.858
07/10/2013 16:17; 14.847
07/10/2013 16:23; 14.905
07/10/2013 16:29; 14.902
07/10/2013 16:35; 14.875
07/10/2013 16:41; 14.883
07/10/2013 16:47; 14.902
07/10/2013 16:53; 14.908
07/10/2013 16:59; 14.894
07/10/2013 17:05; 14.910
07/10/2013 17:11; 15.006
07/10/2013 17:17; 14.923
07/10/2013 17:23; 14.954
07/10/2013 17:29; 14.980
07/10/2013 17:35; 14.939
07/10/2013 17:41; 14.916
07/10/2013 17:47; 14.892
07/10/2013 17:53; 14.893
07/10/2013 17:59; 14.900
07/10/2013 18:05; 14.906
07/10/2013 18:11; 14.902
07/10/2013 18:17; 14.895
07/10/2013 18:23; 14.896
07/10/2013 18:29; 14.878
07/10/2013 18:35; 14.875
07/10/2013 18:41; 14.875
07/10/2013 18:47; 14.876
07/10/2013 18:53; 14.867
07/10/2013 18:59; 14.863
07/10/2013 19:05; 14.860
07/10/2013 19:11; 14.864
07/10/2013 19:17; 14.857
07/10/2013 19:23; 14.856
07/10/2013 19:29; 14.847
07/10/2013 19:35; 14.844
07/10/2013 19:41; 14.838
07/10/2013 19:47; 14.840
07/10/2013 19:53; 14.838
07/10/2013 19:59; 14.839
07/10/2013 20:05; 14.837
07/10/2013 20:11; 14.847
07/10/2013 20:17; 14.834
07/10/2013 20:23; 14.827
07/10/2013 20:29; 14.837
07/10/2013 20:35; 14.841
07/10/2013 20:41; 14.851
07/10/2013 20:47; 14.828
07/10/2013 20:53; 14.829
07/10/2013 20:59; 14.826
07/10/2013 21:05; 14.827
07/10/2013 21:11; 14.819
07/10/2013 21:17; 14.819
07/10/2013 21:23; 14.820
07/10/2013 21:29; 14.812
07/10/2013 21:35; 14.812
07/10/2013 21:41; 14.808
07/10/2013 21:47; 14.805
07/10/2013 21:53; 14.802
07/10/2013 21:59; 14.783
07/10/2013 22:05; 14.783
07/10/2013 22:11; 14.784
07/10/2013 22:17; 14.782
07/10/2013 22:23; 14.790
07/10/2013 22:29; 14.786
07/10/2013 22:35; 14.785
07/10/2013 22:41; 14.786
07/10/2013 22:47; 14.810
07/10/2013 22:53; 14.824
07/10/2013 22:59; 14.824
07/10/2013 23:05; 14.819
07/10/2013 23:11; 14.828
07/10/2013 23:17; 14.831
07/10/2013 23:23; 14.833
07/10/2013 23:29; 14.832
07/10/2013 23:35; 14.834
07/10/2013 23:41; 14.851
07/10/2013 23:47; 14.830
07/10/2013 23:53; 14.832
07/10/2013 23:59; 14.828
08/10/2013 00:05; 14.833
08/10/2013 00:11; 14.829
08/10/2013 00:17; 14.839
08/10/2013 00:23; 14.836
08/10/2013 00:29; 14.834
08/10/2013 00:35; 14.826
08/10/2013 00:41; 14.829
08/10/2013 00:47; 14.825
08/10/2013 00:53; 14.819
08/10/2013 00:59; 14.811
08/10/2013 01:05; 14.794
08/10/2013 01:11; 14.782
08/10/2013 01:17; 14.791
08/10/2013 01:23; 14.809
08/10/2013 01:29; 14.798
08/10/2013 01:35; 14.792
08/10/2013 01:41; 14.782
08/10/2013 01:47; 14.777
08/10/2013 01:53; 14.780
08/10/2013 01:59; 14.773
08/10/2013 02:05; 14.761
08/10/2013 02:11; 14.759
08/10/2013 02:17; 14.750
08/10/2013 02:23; 14.753
08/10/2013 02:29; 14.758
08/10/2013 02:35; 14.761
08/10/2013 02:41; 14.761
08/10/2013 02:47; 14.760
08/10/2013 02:53; 14.764
08/10/2013 02:59; 14.767
08/10/2013 03:05; 14.763
08/10/2013 03:11; 14.756
08/10/2013 03:17; 14.749
08/10/2013 03:23; 14.742
08/10/2013 03:29; 14.735
08/10/2013 03:35; 14.721
08/10/2013 03:41; 14.731
08/10/2013 03:47; 14.719
08/10/2013 03:53; 14.716
08/10/2013 03:59; 14.714
08/10/2013 04:05; 14.711
08/10/2013 04:11; 14.703
08/10/2013 04:17; 14.714
08/10/2013 04:23; 14.696
08/10/2013 04:29; 14.674
08/10/2013 04:35; 14.680
08/10/2013 04:41; 14.682
08/10/2013 04:47; 14.682
08/10/2013 04:53; 14.683
08/10/2013 04:59; 14.648
08/10/2013 05:05; 14.657
08/10/2013 05:11; 14.677
08/10/2013 05:17; 14.709
08/10/2013 05:23; 14.632
08/10/2013 05:29; 14.634
08/10/2013 05:35; 14.662
08/10/2013 05:41; 14.672
08/10/2013 05:47; 14.673
08/10/2013 05:53; 14.670
08/10/2013 05:59; 14.653
08/10/2013 06:05; 14.611
08/10/2013 06:11; 14.600
08/10/2013 06:17; 14.610
08/10/2013 06:23; 14.606
08/10/2013 06:29; 14.531
08/10/2013 06:35; 14.511
08/10/2013 06:41; 14.515
08/10/2013 06:47; 14.519
08/10/2013 06:53; 14.513
08/10/2013 06:59; 14.510
08/10/2013 07:05; 14.512
08/10/2013 07:11; 14.539
08/10/2013 07:17; 14.549
08/10/2013 07:23; 14.555
08/10/2013 07:29; 14.524
08/10/2013 07:35; 14.537
08/10/2013 07:41; 14.512
08/10/2013 07:47; 14.514
08/10/2013 07:53; 14.421
08/10/2013 07:59; 14.444
08/10/2013 08:05; 14.448
08/10/2013 08:11; 14.468
08/10/2013 08:17; 14.493
08/10/2013 08:23; 14.500
08/10/2013 08:29; 14.509
08/10/2013 08:35; 14.511
08/10/2013 08:41; 14.521
08/10/2013 08:47; 14.514
08/10/2013 08:53; 14.507
08/10/2013 08:59; 14.501
08/10/2013 09:05; 14.518
08/10/2013 09:11; 14.554
08/10/2013 09:17; 14.567
08/10/2013 09:23; 14.571
08/10/2013 09:29; 14.566
08/10/2013 09:35; 14.549
08/10/2013 09:41; 14.562
08/10/2013 09:47; 14.572
08/10/2013 09:53; 14.555
08/10/2013 09:59; 14.535
08/10/2013 10:05; 14.560
08/10/2013 10:11; 14.559
08/10/2013 10:17; 14.608
08/10/2013 10:23; 14.558
08/10/2013 10:29; 14.611
08/10/2013 10:35; 14.622
08/10/2013 10:41; 14.668
08/10/2013 10:47; 14.647
08/10/2013 10:53; 14.680
08/10/2013 10:59; 14.693
08/10/2013 11:05; 14.707
08/10/2013 11:11; 14.704
08/10/2013 11:17; 14.704
08/10/2013 11:23; 14.708
08/10/2013 11:29; 14.712
08/10/2013 11:35; 14.683
08/10/2013 11:41; 14.692
08/10/2013 11:47; 14.697
08/10/2013 11:53; 14.697
08/10/2013 11:59; 14.697
08/10/2013 12:05; 14.706
08/10/2013 12:11; 14.708
08/10/2013 12:17; 14.696
08/10/2013 12:23; 14.693
08/10/2013 12:29; 14.677
08/10/2013 12:35; 14.670
08/10/2013 12:41; 14.616
08/10/2013 12:47; 14.654
08/10/2013 12:53; 14.601
08/10/2013 12:59; 14.598
08/10/2013 13:05; 14.606
08/10/2013 13:11; 14.608
08/10/2013 13:17; 14.612
08/10/2013 13:23; 14.631
08/10/2013 13:29; 14.616
08/10/2013 13:35; 14.615
08/10/2013 13:41; 14.614
08/10/2013 13:47; 14.620
08/10/2013 13:53; 14.607
08/10/2013 13:59; 14.588
08/10/2013 14:05; 14.605
08/10/2013 14:11; 14.592
08/10/2013 14:17; 14.588
08/10/2013 14:23; 14.612
08/10/2013 14:29; 14.617
08/10/2013 14:35; 14.611
08/10/2013 14:41; 14.621
08/10/2013 14:47; 14.619
08/10/2013 14:53; 14.614
08/10/2013 14:59; 14.612
08/10/2013 15:05; 14.607
08/10/2013 15:11; 14.612
08/10/2013 15:17; 14.618
08/10/2013 15:23; 14.599
08/10/2013 15:29; 14.602
08/10/2013 15:35; 14.604
08/10/2013 15:41; 14.602
08/10/2013 15:47; 14.601
08/10/2013 15:53; 14.608
08/10/2013 15:59; 14.616
08/10/2013 16:05; 14.613
08/10/2013 16:11; 14.593
08/10/2013 16:17; 14.558
08/10/2013 16:23; 14.554
08/10/2013 16:29; 14.657
08/10/2013 16:35; 14.650
08/10/2013 16:41; 14.636
08/10/2013 16:47; 14.633
08/10/2013 16:53; 14.644
08/10/2013 16:59; 14.647
08/10/2013 17:05; 14.635
08/10/2013 17:11; 14.640
08/10/2013 17:17; 14.641
08/10/2013 17:23; 14.628
08/10/2013 17:29; 14.629
08/10/2013 17:35; 14.633
08/10/2013 17:41; 14.636
08/10/2013 17:47; 14.668
08/10/2013 17:53; 14.666
08/10/2013 17:59; 14.663
08/10/2013 18:05; 14.648
08/10/2013 18:11; 14.596
08/10/2013 18:17; 14.600
08/10/2013 18:23; 14.600
08/10/2013 18:29; 14.585
08/10/2013 18:35; 14.580
08/10/2013 18:41; 14.581
08/10/2013 18:47; 14.587
08/10/2013 18:53; 14.596
08/10/2013 18:59; 14.607
08/10/2013 19:05; 14.607
08/10/2013 19:11; 14.601
08/10/2013 19:17; 14.612
08/10/2013 19:23; 14.616
08/10/2013 19:29; 14.605
08/10/2013 19:35; 14.618
08/10/2013 19:41; 14.601
08/10/2013 19:47; 14.613
08/10/2013 19:53; 14.630
08/10/2013 19:59; 14.633
08/10/2013 20:05; 14.621
08/10/2013 20:11; 14.616
08/10/2013 20:17; 14.639
08/10/2013 20:23; 14.634
08/10/2013 20:29; 14.637
08/10/2013 20:35; 14.639
08/10/2013 20:41; 14.638
08/10/2013 20:47; 14.639
08/10/2013 20:53; 14.640
08/10/2013 20:59; 14.635
08/10/2013 21:05; 14.633
08/10/2013 21:11; 14.631
08/10/2013 21:17; 14.631
08/10/2013 21:23; 14.638
08/10/2013 21:29; 14.638
08/10/2013 21:35; 14.642
08/10/2013 21:41; 14.632
08/10/2013 21:47; 14.629
08/10/2013 21:53; 14.631
08/10/2013 21:59; 14.633
08/10/2013 22:05; 14.635
08/10/2013 22:11; 14.626
08/10/2013 22:17; 14.631
08/10/2013 22:23; 14.601
08/10/2013 22:29; 14.597
08/10/2013 22:35; 14.592
08/10/2013 22:41; 14.584
08/10/2013 22:47; 14.601
08/10/2013 22:53; 14.565
08/10/2013 22:59; 14.544
08/10/2013 23:05; 14.558
08/10/2013 23:11; 14.575
08/10/2013 23:17; 14.535
08/10/2013 23:23; 14.532
08/10/2013 23:29; 14.506
08/10/2013 23:35; 14.517
08/10/2013 23:41; 14.518
08/10/2013 23:47; 14.542
08/10/2013 23:53; 14.591
08/10/2013 23:59; 14.600