-- phpMyAdmin SQL Dump
-- version 5.2.0
-- https://www.phpmyadmin.net/
--
-- Host: mysql
-- Tempo de geração: 01-Jul-2022 às 11:16
-- Versão do servidor: 8.0.29
-- versão do PHP: 8.0.19

SET SQL_MODE = "NO_AUTO_VALUE_ON_ZERO";
START TRANSACTION;
SET time_zone = "+00:00";


/*!40101 SET @OLD_CHARACTER_SET_CLIENT=@@CHARACTER_SET_CLIENT */;
/*!40101 SET @OLD_CHARACTER_SET_RESULTS=@@CHARACTER_SET_RESULTS */;
/*!40101 SET @OLD_COLLATION_CONNECTION=@@COLLATION_CONNECTION */;
/*!40101 SET NAMES utf8mb4 */;

--
-- Banco de dados: `aquamon`
--

-- --------------------------------------------------------

--
-- Estrutura da tabela `measurement`
--

CREATE TABLE `measurement` (
  `id` int NOT NULL,
  `station_id` int NOT NULL,
  `metric_name` varchar(30) NOT NULL,
  `raw_value` double NOT NULL,
  `corrected_value` double NOT NULL,
  `quality` double NOT NULL,
  `failure` tinyint(1) NOT NULL,
  `failure_type` varchar(50) NOT NULL,
  `timestamp` timestamp NOT NULL
) ENGINE=InnoDB DEFAULT CHARSET=utf8mb4 COLLATE=utf8mb4_0900_ai_ci;

--
-- Extraindo dados da tabela `measurement`
--

INSERT INTO `measurement` (`id`, `station_id`, `metric_name`, `raw_value`, `corrected_value`, `quality`, `failure`, `failure_type`, `timestamp`) VALUES
(9, 25, 'Water Temperature', 16.01, 16.01, 0.2925619525342116, 0, '', '2013-10-01 18:15:00'),
(10, 23, 'Water Temperature', 15.767, 15.767, 0.4605543710021015, 0, '', '2013-10-01 18:17:00'),
(11, 24, 'Water Temperature', 15.28, 15.28, 0.47399700725598926, 0, '', '2013-10-01 18:17:00'),
(12, 25, 'Water Temperature', 15.994, 15.994, 0.3098188215916349, 0, '', '2013-10-01 18:21:00'),
(13, 23, 'Water Temperature', 15.76, 15.76, 0.5318029518455692, 0, '', '2013-10-01 18:23:00'),
(14, 24, 'Water Temperature', 15.264, 15.264, 0.4494762697986937, 0, '', '2013-10-01 18:23:00'),
(15, 25, 'Water Temperature', 15.989, 15.989, 0.2719734970427081, 0, '', '2013-10-01 18:27:00'),
(16, 23, 'Water Temperature', 15.741, 15.741, 0.4065571954697419, 0, '', '2013-10-01 18:29:00'),
(17, 24, 'Water Temperature', 15.295, 15.295, 0.4296422823908066, 0, '', '2013-10-01 18:29:00'),
(18, 25, 'Water Temperature', 16.008, 16.008, 0.26317661151452076, 0, '', '2013-10-01 18:33:00'),
(19, 23, 'Water Temperature', 15.725, 15.725, 0.3401822058538104, 0, '', '2013-10-01 18:35:00'),
(20, 24, 'Water Temperature', 15.312, 15.312, 0.4528642818826034, 0, '', '2013-10-01 18:35:00'),
(21, 25, 'Water Temperature', 16.017, 16.017, 0.2521149958822677, 0, '', '2013-10-01 18:39:00'),
(22, 23, 'Water Temperature', 15.718, 15.718, 0.2973029103092675, 0, '', '2013-10-01 18:41:00'),
(23, 24, 'Water Temperature', 15.331, 15.331, 0.44594709054462156, 0, '', '2013-10-01 18:41:00'),
(24, 25, 'Water Temperature', 16.032, 16.032, 0.2557834843152994, 0, '', '2013-10-01 18:45:00'),
(25, 23, 'Water Temperature', 15.684, 15.684, 0.27966383296869646, 0, '', '2013-10-01 18:47:00'),
(26, 24, 'Water Temperature', 15.345, 15.345, 0.43972161834043766, 0, '', '2013-10-01 18:47:00'),
(27, 25, 'Water Temperature', 16.031, 16.031, 0.24859624167099303, 0, '', '2013-10-01 18:51:00'),
(28, 23, 'Water Temperature', 15.701, 15.701, 0.29238778279286026, 0, '', '2013-10-01 18:53:00'),
(29, 24, 'Water Temperature', 15.361, 15.361, 0.4275247748383634, 0, '', '2013-10-01 18:53:00'),
(30, 25, 'Water Temperature', 16.038, 16.038, 0.2547727783184438, 0, '', '2013-10-01 18:57:00'),
(31, 23, 'Water Temperature', 15.684, 15.684, 0.28723728297285045, 0, '', '2013-10-01 18:59:00'),
(32, 24, 'Water Temperature', 15.358, 15.358, 0.42544961743696863, 0, '', '2013-10-01 18:59:00'),
(33, 25, 'Water Temperature', 15.958, 15.958, 0.2940592947517755, 0, '', '2013-10-01 19:03:00'),
(34, 23, 'Water Temperature', 15.648, 15.648, 0.3777587018524834, 0, '', '2013-10-01 19:05:00'),
(35, 24, 'Water Temperature', 15.116, 15.116, 0.3953951269092888, 0, '', '2013-10-01 19:05:00'),
(36, 25, 'Water Temperature', 15.945, 15.945, 0.2933106236429942, 0, '', '2013-10-01 19:09:00'),
(37, 23, 'Water Temperature', 15.606, 15.606, 0.36758231107907724, 0, '', '2013-10-01 19:11:00'),
(38, 24, 'Water Temperature', 15.094, 15.094, 0.36912391654197374, 0, '', '2013-10-01 19:11:00'),
(39, 25, 'Water Temperature', 15.901, 15.901, 0.2683798757205553, 0, '', '2013-10-01 19:15:00'),
(40, 23, 'Water Temperature', 15.42, 15.42, 0.24815163514519578, 0, '', '2013-10-01 19:17:00'),
(41, 24, 'Water Temperature', 15.084, 15.084, 0.4044298257997143, 0, '', '2013-10-01 19:17:00'),
(42, 1, 'Water Temperature', 24.33, 24.33, 0.11286758456570323, 0, '', '2021-09-01 13:15:00'),
(43, 1, 'Water Temperature', 24.41, 24.41, 0.9058303586605482, 0, '', '2021-09-01 13:30:00'),
(44, 1, 'Water Temperature', 24.48, 24.48, 0.8655447900730932, 0, '', '2021-09-01 13:45:00'),
(45, 1, 'Water Temperature', 24.63, 24.63, 0.3669896311405798, 0, '', '2021-09-01 14:00:00'),
(46, 1, 'Water Temperature', 24.7, 24.7, 0.705252422233557, 0, '', '2021-09-01 14:15:00'),
(47, 1, 'Water Temperature', 24.92, 24.92, 0.09875913649499035, 0, '', '2021-09-01 14:30:00'),
(48, 1, 'Water Temperature', 25.25, 25.25, 0.021757606663268092, 0, '', '2021-09-01 14:45:00'),
(49, 1, 'Water Temperature', 25, 25, 0.1375148733639363, 0, '', '2021-09-01 15:00:00'),
(50, 1, 'Water Temperature', 25.2, 25.2, 0.05184429712731853, 0, '', '2021-09-01 15:15:00'),
(51, 1, 'Water Temperature', 25.26, 25.26, 0.16556178820330458, 0, '', '2021-09-01 15:30:00'),
(52, 1, 'Water Temperature', 25.31, 25.31, 0.15672276049635225, 0, '', '2021-09-01 15:45:00'),
(53, 1, 'Water Temperature', 25.32, 25.32, 0.16811150773415628, 0, '', '2021-09-01 16:00:00'),
(54, 1, 'Water Temperature', 25.4, 25.4, 0.07003229644739417, 0, '', '2021-09-01 16:15:00'),
(55, 1, 'Water Temperature', 25.37, 25.37, 0.1868094509604017, 0, '', '2021-09-01 16:30:00'),
(56, 1, 'Water Temperature', 25.39, 25.39, 0.1048784633690345, 0, '', '2021-09-01 16:45:00'),
(57, 1, 'Water Temperature', 25.37, 25.37, 0.11983681795003132, 0, '', '2021-09-01 17:00:00'),
(58, 1, 'Water Temperature', 25.34, 25.34, 0.14839367669557002, 0, '', '2021-09-01 17:15:00'),
(59, 1, 'Water Temperature', 25.29, 25.29, 0.17372089070203, 0, '', '2021-09-01 17:30:00'),
(60, 1, 'Water Temperature', 25.19, 25.19, 0.33741288458270136, 0, '', '2021-09-01 17:45:00'),
(61, 1, 'Water Temperature', 25.15, 25.15, 0.16947135815061054, 0, '', '2021-09-01 18:00:00'),
(62, 1, 'Water Temperature', 25.14, 25.14, 0.1302056773754947, 0, '', '2021-09-01 18:15:00'),
(63, 1, 'Water Temperature', 25.11, 25.11, 0.15587285398606832, 0, '', '2021-09-01 18:30:00'),
(64, 1, 'Water Temperature', 24.86, 24.86, 0.5524392316845185, 0, '', '2021-09-01 18:45:00'),
(65, 1, 'Water Temperature', 24.67, 24.67, 0.8099609043005286, 0, '', '2021-09-01 19:00:00'),
(66, 1, 'Water Temperature', 24.5, 24.5, 0.8351181370049309, 0, '', '2021-09-01 19:15:00'),
(67, 1, 'Water Temperature', 24.29, 24.29, 0.5158932517423124, 0, '', '2021-09-01 19:30:00'),
(68, 1, 'Water Temperature', 24.16, 24.16, 0.8351181370049309, 0, '', '2021-09-01 19:45:00'),
(69, 1, 'Water Temperature', 24.04, 24.04, 0.8099609043005286, 0, '', '2021-09-01 20:00:00'),
(70, 1, 'Water Temperature', 24, 24, 0.3749787523372481, 0, '', '2021-09-01 20:15:00'),
(71, 1, 'Water Temperature', 23.97, 23.97, 0.3955464898861175, 0, '', '2021-09-01 20:30:00'),
(72, 1, 'Water Temperature', 23.81, 23.81, 0.6000339962604148, 0, '', '2021-09-01 20:45:00'),
(73, 1, 'Water Temperature', 23.93, 23.93, 0.09382967873534365, 0, '', '2021-09-01 21:00:00'),
(74, 1, 'Water Temperature', 23.74, 23.74, 0.21536630970593929, 0, '', '2021-09-01 21:15:00'),
(75, 1, 'Water Temperature', 23.66, 23.66, 0.7528471868094532, 0, '', '2021-09-01 21:30:00'),
(76, 1, 'Water Temperature', 23.45, 23.45, 0.14652388237294556, 0, '', '2021-09-01 21:45:00'),
(77, 1, 'Water Temperature', 23.4, 23.4, 0.8655447900730932, 0, '', '2021-09-01 22:00:00'),
(78, 1, 'Water Temperature', 23.41, 23.41, 0.6401495835458131, 0, '', '2021-09-01 22:15:00'),
(79, 1, 'Water Temperature', 23.42, 23.42, 0.7198708142104393, 0, '', '2021-09-01 22:30:00'),
(80, 1, 'Water Temperature', 23.28, 23.28, 0.28420873703893157, 0, '', '2021-09-01 22:45:00'),
(81, 1, 'Water Temperature', 23.21, 23.21, 0.6209416964133978, 0, '', '2021-09-01 23:00:00'),
(82, 1, 'Water Temperature', 23.14, 23.14, 0.6280809110997823, 0, '', '2021-09-01 23:15:00'),
(83, 1, 'Water Temperature', 23.3, 23.3, 0.14363420023798035, 0, '', '2021-09-01 23:30:00'),
(84, 1, 'Water Temperature', 23.42, 23.42, 0.3083460819309932, 0, '', '2021-09-01 23:45:00'),
(85, 1, 'Water Temperature', 23.37, 23.37, 0.4176440591534979, 0, '', '2021-09-02 00:00:00'),
(86, 1, 'Water Temperature', 23.38, 23.38, 0.7931327553969082, 0, '', '2021-09-02 00:15:00'),
(87, 1, 'Water Temperature', 23.42, 23.42, 0.9058303586605482, 0, '', '2021-09-02 00:30:00'),
(88, 1, 'Water Temperature', 23.52, 23.52, 0.6627570967193638, 0, '', '2021-09-02 00:45:00'),
(89, 1, 'Water Temperature', 23.72, 23.72, 0.20907700152983888, 0, '', '2021-09-02 01:00:00'),
(90, 1, 'Water Temperature', 23.94, 23.94, 0.1898691143974237, 0, '', '2021-09-02 01:15:00'),
(91, 1, 'Water Temperature', 24.12, 24.12, 0.37939826619072414, 0, '', '2021-09-02 01:30:00'),
(92, 1, 'Water Temperature', 24.26, 24.26, 0.5794662587115453, 0, '', '2021-09-02 01:45:00'),
(93, 1, 'Water Temperature', 24.29, 24.29, 0.6627570967193638, 0, '', '2021-09-02 02:00:00'),
(94, 1, 'Water Temperature', 24.28, 24.28, 0.45928947815740717, 0, '', '2021-09-02 02:15:00'),
(95, 1, 'Water Temperature', 24.41, 24.41, 0.9058303586605482, 0, '', '2021-09-01 13:30:00'),
(96, 1, 'Water Temperature', 24.48, 24.48, 0.8655447900730932, 0, '', '2021-09-01 13:45:00'),
(97, 1, 'Water Temperature', 24.63, 24.63, 0.3669896311405798, 0, '', '2021-09-01 14:00:00'),
(98, 1, 'Water Temperature', 24.7, 24.7, 0.705252422233557, 0, '', '2021-09-01 14:15:00'),
(99, 1, 'Water Temperature', 24.92, 24.92, 0.09875913649499035, 0, '', '2021-09-01 14:30:00'),
(100, 1, 'Water Temperature', 25.25, 25.25, 0.021757606663268092, 0, '', '2021-09-01 14:45:00'),
(101, 1, 'Water Temperature', 25, 25, 0.1375148733639363, 0, '', '2021-09-01 15:00:00'),
(102, 1, 'Water Temperature', 25.2, 25.2, 0.05184429712731853, 0, '', '2021-09-01 15:15:00'),
(103, 1, 'Water Temperature', 25.26, 25.26, 0.16556178820330458, 0, '', '2021-09-01 15:30:00'),
(104, 1, 'Water Temperature', 25.31, 25.31, 0.15672276049635225, 0, '', '2021-09-01 15:45:00'),
(105, 1, 'Water Temperature', 25.32, 25.32, 0.16811150773415628, 0, '', '2021-09-01 16:00:00'),
(106, 1, 'Water Temperature', 25.4, 25.4, 0.07003229644739417, 0, '', '2021-09-01 16:15:00'),
(107, 1, 'Water Temperature', 25.37, 25.37, 0.1868094509604017, 0, '', '2021-09-01 16:30:00'),
(108, 1, 'Water Temperature', 25.39, 25.39, 0.1048784633690345, 0, '', '2021-09-01 16:45:00'),
(109, 1, 'Water Temperature', 25.37, 25.37, 0.11983681795003132, 0, '', '2021-09-01 17:00:00'),
(110, 1, 'Water Temperature', 25.34, 25.34, 0.14839367669557002, 0, '', '2021-09-01 17:15:00'),
(111, 1, 'Water Temperature', 25.29, 25.29, 0.17372089070203, 0, '', '2021-09-01 17:30:00'),
(112, 1, 'Water Temperature', 25.19, 25.19, 0.33741288458270136, 0, '', '2021-09-01 17:45:00'),
(113, 1, 'Water Temperature', 25.15, 25.15, 0.16947135815061054, 0, '', '2021-09-01 18:00:00'),
(114, 1, 'Water Temperature', 25.14, 25.14, 0.1302056773754947, 0, '', '2021-09-01 18:15:00'),
(115, 1, 'Water Temperature', 25.11, 25.11, 0.15587285398606832, 0, '', '2021-09-01 18:30:00'),
(116, 1, 'Water Temperature', 24.86, 24.86, 0.5524392316845185, 0, '', '2021-09-01 18:45:00'),
(117, 1, 'Water Temperature', 24.67, 24.67, 0.8099609043005286, 0, '', '2021-09-01 19:00:00'),
(118, 1, 'Water Temperature', 24.5, 24.5, 0.8351181370049309, 0, '', '2021-09-01 19:15:00'),
(119, 1, 'Water Temperature', 24.29, 24.29, 0.5158932517423124, 0, '', '2021-09-01 19:30:00'),
(120, 1, 'Water Temperature', 24.16, 24.16, 0.8351181370049309, 0, '', '2021-09-01 19:45:00'),
(121, 1, 'Water Temperature', 24.04, 24.04, 0.8099609043005286, 0, '', '2021-09-01 20:00:00'),
(122, 1, 'Water Temperature', 24, 24, 0.3749787523372481, 0, '', '2021-09-01 20:15:00'),
(123, 1, 'Water Temperature', 23.97, 23.97, 0.3955464898861175, 0, '', '2021-09-01 20:30:00'),
(124, 1, 'Water Temperature', 23.81, 23.81, 0.6000339962604148, 0, '', '2021-09-01 20:45:00'),
(125, 1, 'Water Temperature', 23.93, 23.93, 0.09382967873534365, 0, '', '2021-09-01 21:00:00'),
(126, 1, 'Water Temperature', 23.74, 23.74, 0.21536630970593929, 0, '', '2021-09-01 21:15:00'),
(127, 1, 'Water Temperature', 23.66, 23.66, 0.7528471868094532, 0, '', '2021-09-01 21:30:00'),
(128, 1, 'Water Temperature', 23.45, 23.45, 0.14652388237294556, 0, '', '2021-09-01 21:45:00'),
(129, 1, 'Water Temperature', 23.4, 23.4, 0.8655447900730932, 0, '', '2021-09-01 22:00:00'),
(130, 1, 'Water Temperature', 23.41, 23.41, 0.6401495835458131, 0, '', '2021-09-01 22:15:00'),
(131, 1, 'Water Temperature', 23.42, 23.42, 0.7198708142104393, 0, '', '2021-09-01 22:30:00'),
(132, 1, 'Water Temperature', 23.28, 23.28, 0.28420873703893157, 0, '', '2021-09-01 22:45:00'),
(133, 1, 'Water Temperature', 23.21, 23.21, 0.6209416964133978, 0, '', '2021-09-01 23:00:00'),
(134, 1, 'Water Temperature', 23.14, 23.14, 0.6280809110997823, 0, '', '2021-09-01 23:15:00'),
(135, 1, 'Water Temperature', 23.3, 23.3, 0.14363420023798035, 0, '', '2021-09-01 23:30:00'),
(136, 1, 'Water Temperature', 23.42, 23.42, 0.3083460819309932, 0, '', '2021-09-01 23:45:00'),
(137, 1, 'Water Temperature', 23.37, 23.37, 0.4176440591534979, 0, '', '2021-09-02 00:00:00'),
(138, 1, 'Water Temperature', 23.38, 23.38, 0.7931327553969082, 0, '', '2021-09-02 00:15:00'),
(139, 1, 'Water Temperature', 23.42, 23.42, 0.9058303586605482, 0, '', '2021-09-02 00:30:00'),
(140, 1, 'Water Temperature', 23.52, 23.52, 0.6627570967193638, 0, '', '2021-09-02 00:45:00'),
(141, 1, 'Water Temperature', 23.72, 23.72, 0.20907700152983888, 0, '', '2021-09-02 01:00:00'),
(142, 1, 'Water Temperature', 23.94, 23.94, 0.1898691143974237, 0, '', '2021-09-02 01:15:00'),
(143, 1, 'Water Temperature', 24.12, 24.12, 0.37939826619072414, 0, '', '2021-09-02 01:30:00'),
(144, 1, 'Water Temperature', 24.26, 24.26, 0.5794662587115453, 0, '', '2021-09-02 01:45:00'),
(145, 1, 'Water Temperature', 24.29, 24.29, 0.6627570967193638, 0, '', '2021-09-02 02:00:00'),
(146, 1, 'Water Temperature', 24.28, 24.28, 0.45928947815740717, 0, '', '2021-09-02 02:15:00'),
(147, 1, 'Water Temperature', 24.28, 24.28, 0.5689274179840255, 0, '', '2021-09-02 02:30:00'),
(148, 1, 'Water Temperature', 24.37, 24.37, 0.6741458439571676, 0, '', '2021-09-02 02:45:00'),
(149, 1, 'Water Temperature', 24.12, 24.12, 0.04504504504504725, 0, '', '2021-09-02 03:00:00'),
(150, 1, 'Water Temperature', 24.34, 24.34, 0.09246982831888939, 0, '', '2021-09-02 03:15:00'),
(151, 1, 'Water Temperature', 24.41, 24.41, 0.4975352711201809, 0, '', '2021-09-02 03:30:00'),
(152, 1, 'Water Temperature', 24.33, 24.33, 0.49039605643379647, 0, '', '2021-09-02 03:45:00'),
(153, 1, 'Water Temperature', 24.32, 24.32, 0.8351181370049309, 0, '', '2021-09-02 04:00:00'),
(154, 1, 'Water Temperature', 24.3, 24.3, 0.9058303586605482, 0, '', '2021-09-02 04:15:00'),
(155, 1, 'Water Temperature', 24.17, 24.17, 0.29491755906850825, 0, '', '2021-09-02 04:30:00'),
(156, 1, 'Water Temperature', 24.1, 24.1, 0.6501784803671626, 0, '', '2021-09-02 04:45:00'),
(157, 1, 'Water Temperature', 24.09, 24.09, 0.7734149243583226, 0, '', '2021-09-02 05:00:00'),
(158, 1, 'Water Temperature', 23.88, 23.88, 0.12068672446031514, 0, '', '2021-09-02 05:15:00'),
(159, 1, 'Water Temperature', 23.81, 23.81, 0.7931327553969082, 0, '', '2021-09-02 05:30:00'),
(160, 1, 'Water Temperature', 23.76, 23.76, 0.9058303586605482, 0, '', '2021-09-02 05:45:00'),
(161, 1, 'Water Temperature', 23.66, 23.66, 0.5794662587115453, 0, '', '2021-09-02 06:00:00'),
(162, 1, 'Water Temperature', 23.59, 23.59, 0.8099609043005286, 0, '', '2021-09-02 06:15:00'),
(163, 1, 'Water Temperature', 23.59, 23.59, 0.6501784803671626, 0, '', '2021-09-02 06:30:00'),
(164, 1, 'Water Temperature', 23.57, 23.57, 0.8655447900730932, 0, '', '2021-09-02 06:45:00'),
(165, 1, 'Water Temperature', 23.5, 23.5, 0.6209416964133978, 0, '', '2021-09-02 07:00:00'),
(166, 1, 'Water Temperature', 23.39, 23.39, 0.39911609722930974, 0, '', '2021-09-02 07:15:00'),
(167, 1, 'Water Temperature', 23.33, 23.33, 0.6501784803671626, 0, '', '2021-09-02 07:30:00'),
(168, 1, 'Water Temperature', 23.26, 23.26, 0.5441101478837367, 0, '', '2021-09-02 07:45:00'),
(169, 1, 'Water Temperature', 23.29, 23.29, 0.6867244603093687, 0, '', '2021-09-02 08:00:00'),
(170, 1, 'Water Temperature', 23.27, 23.27, 0.8351181370049309, 0, '', '2021-09-02 08:15:00'),
(171, 1, 'Water Temperature', 23.28, 23.28, 0.9058303586605482, 0, '', '2021-09-02 08:30:00'),
(172, 1, 'Water Temperature', 23.25, 23.25, 0.6741458439571676, 0, '', '2021-09-02 08:45:00'),
(173, 1, 'Water Temperature', 23.24, 23.24, 0.7734149243583226, 0, '', '2021-09-02 09:00:00'),
(174, 1, 'Water Temperature', 23.19, 23.19, 0.4830868604453552, 0, '', '2021-09-02 09:15:00'),
(175, 1, 'Water Temperature', 23.23, 23.23, 0.8655447900730932, 0, '', '2021-09-02 09:30:00'),
(176, 1, 'Water Temperature', 23.22, 23.22, 0.6741458439571676, 0, '', '2021-09-02 09:45:00'),
(177, 1, 'Water Temperature', 23.21, 23.21, 0.6501784803671626, 0, '', '2021-09-02 10:00:00'),
(178, 1, 'Water Temperature', 23.18, 23.18, 0.5352711201767845, 0, '', '2021-09-02 10:15:00'),
(179, 1, 'Water Temperature', 23.18, 23.18, 0.736528981812003, 0, '', '2021-09-02 10:30:00'),
(180, 1, 'Water Temperature', 23.15, 23.15, 0.5242223355430943, 0, '', '2021-09-02 10:45:00'),
(181, 1, 'Water Temperature', 23.14, 23.14, 0.6627570967193638, 0, '', '2021-09-02 11:00:00'),
(182, 1, 'Water Temperature', 23.18, 23.18, 0.9058303586605482, 0, '', '2021-09-02 11:15:00'),
(183, 1, 'Water Temperature', 23.17, 23.17, 0.6209416964133978, 0, '', '2021-09-02 11:30:00'),
(184, 1, 'Water Temperature', 23.49, 23.49, 0.04521502634710395, 0, '', '2021-09-02 11:45:00'),
(185, 1, 'Water Temperature', 23.67, 23.67, 0.3190549039605699, 0, '', '2021-09-02 12:00:00'),
(186, 1, 'Water Temperature', 23.7, 23.7, 0.5889852116267247, 0, '', '2021-09-02 12:15:00'),
(187, 1, 'Water Temperature', 23.45, 23.45, 0.026347101818801177, 0, '', '2021-09-02 12:30:00'),
(188, 1, 'Water Temperature', 23.4, 23.4, 0.28692843787183986, 0, '', '2021-09-02 12:45:00'),
(189, 1, 'Water Temperature', 23.57, 23.57, 0.3190549039605699, 0, '', '2021-09-02 13:00:00'),
(190, 1, 'Water Temperature', 24.11, 24.11, 0.00917899031106617, 0, '', '2021-09-02 13:15:00'),
(191, 1, 'Water Temperature', 24.41, 24.41, 0.08108108108108503, 0, '', '2021-09-02 13:30:00'),
(192, 1, 'Water Temperature', 24.53, 24.53, 0.6000339962604148, 0, '', '2021-09-02 13:45:00'),
(193, 1, 'Water Temperature', 24.6, 24.6, 0.8351181370049309, 0, '', '2021-09-02 14:00:00'),
(194, 1, 'Water Temperature', 24.73, 24.73, 0.44467108618052464, 0, '', '2021-09-02 14:15:00'),
(195, 1, 'Water Temperature', 24.97, 24.97, 0.0928097909230029, 0, '', '2021-09-02 14:30:00'),
(196, 1, 'Water Temperature', 25.07, 25.07, 0.3190549039605699, 0, '', '2021-09-02 14:45:00'),
(197, 1, 'Water Temperature', 25.22, 25.22, 0.12170661227265589, 0, '', '2021-09-02 15:00:00'),
(198, 1, 'Water Temperature', 25.37, 25.37, 0.08601053884073162, 0, '', '2021-09-02 15:15:00'),
(199, 1, 'Water Temperature', 25.48, 25.48, 0.08108108108108503, 0, '', '2021-09-02 15:30:00'),
(200, 1, 'Water Temperature', 25.5, 25.5, 0.13649498555159556, 0, '', '2021-09-02 15:45:00'),
(201, 1, 'Water Temperature', 25.62, 25.62, 0.03790583035866235, 0, '', '2021-09-02 16:00:00'),
(202, 1, 'Water Temperature', 25.65, 25.65, 0.06935237123916704, 0, '', '2021-09-02 16:15:00'),
(203, 1, 'Water Temperature', 25.61, 25.61, 0.12153663097059908, 0, '', '2021-09-02 16:30:00'),
(204, 1, 'Water Temperature', 25.63, 25.63, 0.05677375488696512, 0, '', '2021-09-02 16:45:00'),
(205, 1, 'Water Temperature', 25.6, 25.6, 0.08431072582016386, 0, '', '2021-09-02 17:00:00'),
(206, 1, 'Water Temperature', 25.57, 25.57, 0.07887132415434683, 0, '', '2021-09-02 17:15:00'),
(207, 1, 'Water Temperature', 25.57, 25.57, 0.053034166241715974, 0, '', '2021-09-02 17:30:00'),
(208, 1, 'Water Temperature', 25.57, 25.57, 0.05031446540880746, 0, '', '2021-09-02 17:45:00'),
(209, 1, 'Water Temperature', 25.55, 25.55, 0.05864354920958981, 0, '', '2021-09-02 18:00:00'),
(210, 1, 'Water Temperature', 25.51, 25.51, 0.07241203467618906, 0, '', '2021-09-02 18:15:00'),
(211, 1, 'Water Temperature', 25.49, 25.49, 0.06068332483427119, 0, '', '2021-09-02 18:30:00'),
(212, 1, 'Water Temperature', 25.48, 25.48, 0.05864354920958981, 0, '', '2021-09-02 18:45:00'),
(213, 1, 'Water Temperature', 25.4, 25.4, 0.1271460139384728, 0, '', '2021-09-02 19:00:00'),
(214, 1, 'Water Temperature', 25.31, 25.31, 0.16454190039096384, 0, '', '2021-09-02 19:15:00'),
(215, 1, 'Water Temperature', 25.24, 25.24, 0.1551929287778412, 0, '', '2021-09-02 19:30:00'),
(216, 1, 'Water Temperature', 25.11, 25.11, 0.38194798572157573, 0, '', '2021-09-02 19:45:00'),
(217, 1, 'Water Temperature', 24.9, 24.9, 0.9058303586605482, 0, '', '2021-09-02 20:00:00'),
(218, 1, 'Water Temperature', 24.72, 24.72, 0.8655447900730932, 0, '', '2021-09-02 20:15:00'),
(219, 1, 'Water Temperature', 24.58, 24.58, 0.7198708142104393, 0, '', '2021-09-02 20:30:00'),
(220, 1, 'Water Temperature', 24.46, 24.46, 0.6401495835458131, 0, '', '2021-09-02 20:45:00'),
(221, 1, 'Water Temperature', 24.32, 24.32, 0.8099609043005286, 0, '', '2021-09-02 21:00:00'),
(222, 1, 'Water Temperature', 24.34, 24.34, 0.13836477987422025, 0, '', '2021-09-02 21:15:00'),
(223, 1, 'Water Temperature', 24.28, 24.28, 0.472038075811665, 0, '', '2021-09-02 21:30:00'),
(224, 1, 'Water Temperature', 24.27, 24.27, 0.3156552779194344, 0, '', '2021-09-02 21:45:00'),
(225, 1, 'Water Temperature', 24.18, 24.18, 0.8655447900730932, 0, '', '2021-09-02 22:00:00'),
(226, 1, 'Water Temperature', 23.95, 23.95, 0.17440081591025713, 0, '', '2021-09-02 22:15:00'),
(227, 1, 'Water Temperature', 23.84, 23.84, 0.705252422233557, 0, '', '2021-09-02 22:30:00'),
(228, 1, 'Water Temperature', 23.79, 23.79, 0.8655447900730932, 0, '', '2021-09-02 22:45:00'),
(229, 1, 'Water Temperature', 23.64, 23.64, 0.3749787523372481, 0, '', '2021-09-02 23:00:00'),
(230, 1, 'Water Temperature', 23.58, 23.58, 0.9058303586605482, 0, '', '2021-09-02 23:15:00'),
(231, 1, 'Water Temperature', 23.53, 23.53, 0.8655447900730932, 0, '', '2021-09-02 23:30:00'),
(232, 1, 'Water Temperature', 23.43, 23.43, 0.609552949175594, 0, '', '2021-09-02 23:45:00'),
(233, 1, 'Water Temperature', 23.41, 23.41, 0.7931327553969082, 0, '', '2021-09-03 00:00:00'),
(234, 1, 'Water Temperature', 23.41, 23.41, 0.7198708142104393, 0, '', '2021-09-03 00:15:00'),
(235, 1, 'Water Temperature', 23.36, 23.36, 0.736528981812003, 0, '', '2021-09-03 00:30:00'),
(236, 1, 'Water Temperature', 23.45, 23.45, 0.3557708652048328, 0, '', '2021-09-03 00:45:00'),
(237, 1, 'Water Temperature', 23.49, 23.49, 0.7734149243583226, 0, '', '2021-09-03 01:00:00'),
(238, 1, 'Water Temperature', 23.48, 23.48, 0.7198708142104393, 0, '', '2021-09-03 01:15:00'),
(239, 1, 'Water Temperature', 23.65, 23.65, 0.20176780554139784, 0, '', '2021-09-03 01:30:00'),
(240, 1, 'Water Temperature', 23.73, 23.73, 0.7734149243583226, 0, '', '2021-09-03 01:45:00'),
(241, 1, 'Water Temperature', 23.74, 23.74, 0.6209416964133978, 0, '', '2021-09-03 02:00:00'),
(242, 1, 'Water Temperature', 23.79, 23.79, 0.9058303586605482, 0, '', '2021-09-03 02:15:00'),
(243, 1, 'Water Temperature', 24.05, 24.05, 0.10776814550399971, 0, '', '2021-09-03 02:30:00'),
(244, 1, 'Water Temperature', 24.15, 24.15, 0.7931327553969082, 0, '', '2021-09-03 02:45:00'),
(245, 1, 'Water Temperature', 24.26, 24.26, 0.6401495835458131, 0, '', '2021-09-03 03:00:00'),
(246, 1, 'Water Temperature', 24.26, 24.26, 0.6209416964133978, 0, '', '2021-09-03 03:15:00'),
(247, 1, 'Water Temperature', 24.27, 24.27, 0.6741458439571676, 0, '', '2021-09-03 03:30:00'),
(248, 1, 'Water Temperature', 24.24, 24.24, 0.49039605643379647, 0, '', '2021-09-03 03:45:00'),
(249, 1, 'Water Temperature', 24.24, 24.24, 0.7734149243583226, 0, '', '2021-09-03 04:00:00'),
(250, 1, 'Water Temperature', 24.12, 24.12, 0.21536630970593929, 0, '', '2021-09-03 04:15:00'),
(251, 1, 'Water Temperature', 24.14, 24.14, 0.8655447900730932, 0, '', '2021-09-03 04:30:00'),
(252, 1, 'Water Temperature', 24.15, 24.15, 0.8351181370049309, 0, '', '2021-09-03 04:45:00'),
(253, 1, 'Water Temperature', 24.1, 24.1, 0.7198708142104393, 0, '', '2021-09-03 05:00:00'),
(254, 1, 'Water Temperature', 24.08, 24.08, 0.9058303586605482, 0, '', '2021-09-03 05:15:00'),
(255, 1, 'Water Temperature', 24.04, 24.04, 0.8351181370049309, 0, '', '2021-09-03 05:30:00'),
(256, 1, 'Water Temperature', 24.06, 24.06, 0.6867244603093687, 0, '', '2021-09-03 05:45:00'),
(257, 1, 'Water Temperature', 24.01, 24.01, 0.736528981812003, 0, '', '2021-09-03 06:00:00'),
(258, 1, 'Water Temperature', 23.97, 23.97, 0.8099609043005286, 0, '', '2021-09-03 06:15:00'),
(259, 1, 'Water Temperature', 23.89, 23.89, 0.5158932517423124, 0, '', '2021-09-03 06:30:00'),
(260, 1, 'Water Temperature', 23.86, 23.86, 0.8351181370049309, 0, '', '2021-09-03 06:45:00'),
(261, 1, 'Water Temperature', 23.81, 23.81, 0.736528981812003, 0, '', '2021-09-03 07:00:00'),
(262, 1, 'Water Temperature', 23.75, 23.75, 0.6501784803671626, 0, '', '2021-09-03 07:15:00'),
(263, 1, 'Water Temperature', 23.69, 23.69, 0.6741458439571676, 0, '', '2021-09-03 07:30:00'),
(264, 1, 'Water Temperature', 23.61, 23.61, 0.5242223355430943, 0, '', '2021-09-03 07:45:00'),
(265, 1, 'Water Temperature', 23.53, 23.53, 0.5524392316845185, 0, '', '2021-09-03 08:00:00'),
(266, 1, 'Water Temperature', 23.47, 23.47, 0.6867244603093687, 0, '', '2021-09-03 08:15:00'),
(267, 1, 'Water Temperature', 23.4, 23.4, 0.6209416964133978, 0, '', '2021-09-03 08:30:00'),
(268, 1, 'Water Temperature', 23.41, 23.41, 0.7734149243583226, 0, '', '2021-09-03 08:45:00'),
(269, 1, 'Water Temperature', 23.45, 23.45, 0.6280809110997823, 0, '', '2021-09-03 09:00:00'),
(270, 1, 'Water Temperature', 23.47, 23.47, 0.8351181370049309, 0, '', '2021-09-03 09:15:00'),
(271, 1, 'Water Temperature', 23.51, 23.51, 0.7734149243583226, 0, '', '2021-09-03 09:30:00'),
(272, 1, 'Water Temperature', 23.53, 23.53, 0.9058303586605482, 0, '', '2021-09-03 09:45:00'),
(273, 1, 'Water Temperature', 23.53, 23.53, 0.736528981812003, 0, '', '2021-09-03 10:00:00'),
(274, 1, 'Water Temperature', 23.45, 23.45, 0.26398096209417565, 0, '', '2021-09-03 10:15:00'),
(275, 1, 'Water Temperature', 23.48, 23.48, 0.9058303586605482, 0, '', '2021-09-03 10:30:00'),
(276, 1, 'Water Temperature', 23.45, 23.45, 0.49039605643379647, 0, '', '2021-09-03 10:45:00'),
(277, 1, 'Water Temperature', 23.47, 23.47, 0.8351181370049309, 0, '', '2021-09-03 11:00:00'),
(278, 1, 'Water Temperature', 23.3, 23.3, 0.10215876253612599, 0, '', '2021-09-03 11:15:00'),
(279, 1, 'Water Temperature', 23.51, 23.51, 0.11116777154513535, 0, '', '2021-09-03 11:30:00'),
(280, 1, 'Water Temperature', 23.35, 23.35, 0.10674825769165908, 0, '', '2021-09-03 11:45:00'),
(281, 1, 'Water Temperature', 23.41, 23.41, 0.705252422233557, 0, '', '2021-09-03 12:00:00'),
(282, 1, 'Water Temperature', 23.45, 23.45, 0.8351181370049309, 0, '', '2021-09-03 12:15:00'),
(283, 1, 'Water Temperature', 23.84, 23.84, 0.0219275879653249, 0, '', '2021-09-03 12:30:00'),
(284, 1, 'Water Temperature', 23.81, 23.81, 0.36274009858916045, 0, '', '2021-09-03 12:45:00'),
(285, 1, 'Water Temperature', 23.91, 23.91, 0.6867244603093687, 0, '', '2021-09-03 13:00:00'),
(286, 1, 'Water Temperature', 24.16, 24.16, 0.11762706102329312, 0, '', '2021-09-03 13:15:00'),
(287, 1, 'Water Temperature', 24.21, 24.21, 0.6867244603093687, 0, '', '2021-09-03 13:30:00'),
(288, 1, 'Water Temperature', 24.28, 24.28, 0.9058303586605482, 0, '', '2021-09-03 13:45:00'),
(289, 1, 'Water Temperature', 24.32, 24.32, 0.8655447900730932, 0, '', '2021-09-03 14:00:00'),
(290, 1, 'Water Temperature', 24.51, 24.51, 0.20754716981132793, 0, '', '2021-09-03 14:15:00'),
(291, 1, 'Water Temperature', 24.76, 24.76, 0.09433962264151396, 0, '', '2021-09-03 14:30:00'),
(292, 1, 'Water Temperature', 24.94, 24.94, 0.13173550909400566, 0, '', '2021-09-03 14:45:00'),
(293, 1, 'Water Temperature', 25.01, 25.01, 0.3518612952575271, 0, '', '2021-09-03 15:00:00'),
(294, 1, 'Water Temperature', 25.12, 25.12, 0.17372089070203, 0, '', '2021-09-03 15:15:00'),
(295, 1, 'Water Temperature', 25.3, 25.3, 0.062213156552782145, 0, '', '2021-09-03 15:30:00'),
(296, 1, 'Water Temperature', 25.44, 25.44, 0.06476287608363396, 0, '', '2021-09-03 15:45:00'),
(297, 1, 'Water Temperature', 25.45, 25.45, 0.16947135815061054, 0, '', '2021-09-03 16:00:00'),
(298, 1, 'Water Temperature', 25.61, 25.61, 0.030766615672277564, 0, '', '2021-09-03 16:15:00'),
(299, 1, 'Water Temperature', 25.72, 25.72, 0.03501614822369703, 0, '', '2021-09-03 16:30:00'),
(300, 1, 'Water Temperature', 25.8, 25.8, 0.03263640999490214, 0, '', '2021-09-03 16:45:00'),
(301, 1, 'Water Temperature', 25.92, 25.92, 0.01563827978922394, 0, '', '2021-09-03 17:00:00'),
(302, 1, 'Water Temperature', 25.94, 25.94, 0.026517083120857987, 0, '', '2021-09-03 17:15:00'),
(303, 1, 'Water Temperature', 26.04, 26.04, 0.01257861635220181, 0, '', '2021-09-03 17:30:00'),
(304, 1, 'Water Temperature', 26.02, 26.02, 0.023797382287949476, 0, '', '2021-09-03 17:45:00'),
(305, 1, 'Water Temperature', 26.05, 26.05, 0.015128335883053623, 0, '', '2021-09-03 18:00:00'),
(306, 1, 'Water Temperature', 25.98, 25.98, 0.033656297807242774, 0, '', '2021-09-03 18:15:00'),
(307, 1, 'Water Temperature', 25.93, 25.93, 0.029576746557880007, 0, '', '2021-09-03 18:30:00'),
(308, 1, 'Water Temperature', 25.82, 25.82, 0.052694203637602355, 0, '', '2021-09-03 18:45:00'),
(309, 1, 'Water Temperature', 25.77, 25.77, 0.03518612952575384, 0, '', '2021-09-03 19:00:00'),
(310, 1, 'Water Temperature', 25.7, 25.7, 0.04504504504504725, 0, '', '2021-09-03 19:15:00'),
(311, 1, 'Water Temperature', 25.58, 25.58, 0.08312085670576641, 0, '', '2021-09-03 19:30:00'),
(312, 1, 'Water Temperature', 25.48, 25.48, 0.07887132415434683, 0, '', '2021-09-03 19:45:00'),
(313, 1, 'Water Temperature', 25.44, 25.44, 0.05184429712731853, 0, '', '2021-09-03 20:00:00'),
(314, 1, 'Water Temperature', 25.35, 25.35, 0.0973992860785361, 0, '', '2021-09-03 20:15:00'),
(315, 1, 'Water Temperature', 25.27, 25.27, 0.10946795852456759, 0, '', '2021-09-03 20:30:00'),
(316, 1, 'Water Temperature', 25.06, 25.06, 0.6209416964133978, 0, '', '2021-09-03 20:45:00'),
(317, 1, 'Water Temperature', 24.81, 24.81, 0.8099609043005286, 0, '', '2021-09-03 21:00:00'),
(318, 1, 'Water Temperature', 24.65, 24.65, 0.6741458439571676, 0, '', '2021-09-03 21:15:00'),
(319, 1, 'Water Temperature', 24.49, 24.49, 0.7734149243583226, 0, '', '2021-09-03 21:30:00'),
(320, 1, 'Water Temperature', 24.51, 24.51, 0.10640829508754546, 0, '', '2021-09-03 21:45:00'),
(321, 1, 'Water Temperature', 24.5, 24.5, 0.16505184429713426, 0, '', '2021-09-03 22:00:00'),
(322, 1, 'Water Temperature', 24.39, 24.39, 0.6741458439571676, 0, '', '2021-09-03 22:15:00'),
(323, 1, 'Water Temperature', 24.28, 24.28, 0.8099609043005286, 0, '', '2021-09-03 22:30:00'),
(324, 1, 'Water Temperature', 24.08, 24.08, 0.39911609722930974, 0, '', '2021-09-03 22:45:00'),
(325, 1, 'Water Temperature', 24.06, 24.06, 0.45928947815740717, 0, '', '2021-09-03 23:00:00'),
(326, 1, 'Water Temperature', 23.9, 23.9, 0.4339622641509481, 0, '', '2021-09-03 23:15:00'),
(327, 1, 'Water Temperature', 23.81, 23.81, 0.8655447900730932, 0, '', '2021-09-03 23:30:00'),
(328, 1, 'Water Temperature', 23.67, 23.67, 0.4975352711201809, 0, '', '2021-09-03 23:45:00'),
(329, 1, 'Water Temperature', 23.69, 23.69, 0.40829508754037536, 0, '', '2021-09-04 00:00:00'),
(330, 1, 'Water Temperature', 23.55, 23.55, 0.4339622641509481, 0, '', '2021-09-04 00:15:00'),
(331, 1, 'Water Temperature', 23.46, 23.46, 0.7198708142104393, 0, '', '2021-09-04 00:30:00'),
(332, 1, 'Water Temperature', 23.55, 23.55, 0.19496855345912678, 0, '', '2021-09-04 00:45:00'),
(333, 1, 'Water Temperature', 23.51, 23.51, 0.8099609043005286, 0, '', '2021-09-04 01:00:00'),
(334, 1, 'Water Temperature', 23.44, 23.44, 0.6000339962604148, 0, '', '2021-09-04 01:15:00'),
(335, 1, 'Water Temperature', 23.69, 23.69, 0.05456399796022704, 0, '', '2021-09-04 01:30:00'),
(336, 1, 'Water Temperature', 23.7, 23.7, 0.8351181370049309, 0, '', '2021-09-04 01:45:00'),
(337, 1, 'Water Temperature', 23.73, 23.73, 0.9058303586605482, 0, '', '2021-09-04 02:00:00'),
(338, 1, 'Water Temperature', 23.91, 23.91, 0.1898691143974237, 0, '', '2021-09-04 02:15:00'),
(339, 1, 'Water Temperature', 23.7, 23.7, 0.05031446540880746, 0, '', '2021-09-04 02:30:00'),
(340, 1, 'Water Temperature', 23.72, 23.72, 0.7931327553969082, 0, '', '2021-09-04 02:45:00'),
(341, 1, 'Water Temperature', 23.82, 23.82, 0.5689274179840255, 0, '', '2021-09-04 03:00:00'),
(342, 1, 'Water Temperature', 23.92, 23.92, 0.6209416964133978, 0, '', '2021-09-04 03:15:00'),
(343, 1, 'Water Temperature', 23.99, 23.99, 0.7931327553969082, 0, '', '2021-09-04 03:30:00'),
(344, 1, 'Water Temperature', 24.03, 24.03, 0.9058303586605482, 0, '', '2021-09-04 03:45:00'),
(345, 1, 'Water Temperature', 24.01, 24.01, 0.5889852116267247, 0, '', '2021-09-04 04:00:00'),
(346, 1, 'Water Temperature', 23.93, 23.93, 0.26653068162502724, 0, '', '2021-09-04 04:15:00'),
(347, 1, 'Water Temperature', 23.91, 23.91, 0.6867244603093687, 0, '', '2021-09-04 04:30:00'),
(348, 1, 'Water Temperature', 23.93, 30, 0, 1, 'outlier', '2021-09-04 04:45:00'),
(349, 1, 'Water Temperature', 23.86, 23.86, 0.38585755566888147, 0, '', '2021-09-04 05:00:00'),
(350, 1, 'Water Temperature', 23.8, 23.8, 0.5158932517423124, 0, '', '2021-09-04 05:15:00'),
(351, 1, 'Water Temperature', 23.83, 23.83, 0.7528471868094532, 0, '', '2021-09-04 05:30:00'),
(352, 1, 'Water Temperature', 23.76, 23.76, 0.4830868604453552, 0, '', '2021-09-04 05:45:00'),
(353, 1, 'Water Temperature', 23.8, 23.8, 0.6627570967193638, 0, '', '2021-09-04 06:00:00'),
(354, 1, 'Water Temperature', 23.78, 23.78, 0.8351181370049309, 0, '', '2021-09-04 06:15:00'),
(355, 1, 'Water Temperature', 23.76, 23.76, 0.7931327553969082, 0, '', '2021-09-04 06:30:00'),
(356, 1, 'Water Temperature', 23.73, 23.73, 0.7198708142104393, 0, '', '2021-09-04 06:45:00'),
(357, 1, 'Water Temperature', 23.72, 23.72, 0.8351181370049309, 0, '', '2021-09-04 07:00:00'),
(358, 1, 'Water Temperature', 23.64, 23.64, 0.39044705082441433, 0, '', '2021-09-04 07:15:00'),
(359, 1, 'Water Temperature', 23.58, 23.58, 0.5029746727859976, 0, '', '2021-09-04 07:30:00'),
(360, 1, 'Water Temperature', 23.51, 23.51, 0.4830868604453552, 0, '', '2021-09-04 07:45:00'),
(361, 1, 'Water Temperature', 23.51, 23.51, 0.9058303586605482, 0, '', '2021-09-04 08:00:00'),
(362, 1, 'Water Temperature', 23.51, 23.51, 0.9058303586605482, 0, '', '2021-09-04 08:15:00'),
(363, 1, 'Water Temperature', 23.49, 23.49, 0.7931327553969082, 0, '', '2021-09-04 08:30:00'),
(364, 1, 'Water Temperature', 23.5, 23.5, 0.9058303586605482, 0, '', '2021-09-04 08:45:00'),
(365, 1, 'Water Temperature', 23.45, 23.45, 0.5242223355430943, 0, '', '2021-09-04 09:00:00'),
(366, 1, 'Water Temperature', 23.41, 23.41, 0.6000339962604148, 0, '', '2021-09-04 09:15:00'),
(367, 1, 'Water Temperature', 23.46, 23.46, 0.736528981812003, 0, '', '2021-09-04 09:30:00'),
(368, 1, 'Water Temperature', 23.54, 23.54, 0.609552949175594, 0, '', '2021-09-04 09:45:00'),
(369, 1, 'Water Temperature', 23.61, 23.61, 0.736528981812003, 0, '', '2021-09-04 10:00:00'),
(370, 1, 'Water Temperature', 23.64, 23.64, 0.8655447900730932, 0, '', '2021-09-04 10:15:00'),
(371, 1, 'Water Temperature', 23.59, 23.59, 0.36274009858916045, 0, '', '2021-09-04 10:30:00'),
(372, 1, 'Water Temperature', 23.56, 23.56, 0.4654088050314509, 0, '', '2021-09-04 10:45:00'),
(373, 1, 'Water Temperature', 23.71, 23.71, 0.3083460819309932, 0, '', '2021-09-04 11:00:00'),
(374, 1, 'Water Temperature', 23.6, 23.6, 0.15366309705933012, 0, '', '2021-09-04 11:15:00'),
(375, 1, 'Water Temperature', 23.46, 23.46, 0.13173550909400566, 0, '', '2021-09-04 11:30:00'),
(376, 1, 'Water Temperature', 23.47, 23.47, 0.8655447900730932, 0, '', '2021-09-04 11:45:00'),
(377, 1, 'Water Temperature', 23.49, 23.49, 0.9058303586605482, 0, '', '2021-09-04 12:00:00'),
(378, 1, 'Water Temperature', 23.48, 23.48, 0.736528981812003, 0, '', '2021-09-04 12:15:00'),
(379, 1, 'Water Temperature', 23.56, 23.56, 0.5158932517423124, 0, '', '2021-09-04 12:30:00'),
(380, 1, 'Water Temperature', 23.53, 23.53, 0.5889852116267247, 0, '', '2021-09-04 12:45:00'),
(381, 1, 'Water Temperature', 23.62, 23.62, 0.5794662587115453, 0, '', '2021-09-04 13:00:00'),
(382, 1, 'Water Temperature', 23.66, 23.66, 0.9058303586605482, 0, '', '2021-09-04 13:15:00'),
(383, 1, 'Water Temperature', 23.67, 23.67, 0.7528471868094532, 0, '', '2021-09-04 13:30:00'),
(384, 1, 'Water Temperature', 24.25, 24.25, 0.005439401665817023, 0, '', '2021-09-04 13:45:00'),
(385, 1, 'Water Temperature', 23.95, 23.95, 0.018357980622132453, 0, '', '2021-09-04 14:00:00'),
(386, 1, 'Water Temperature', 24.09, 24.09, 0.38194798572157573, 0, '', '2021-09-04 14:15:00'),
(387, 1, 'Water Temperature', 24.13, 24.13, 0.8655447900730932, 0, '', '2021-09-04 14:30:00'),
(388, 1, 'Water Temperature', 24.44, 24.44, 0.06476287608363396, 0, '', '2021-09-04 14:45:00'),
(389, 1, 'Water Temperature', 24.57, 24.57, 0.40829508754037536, 0, '', '2021-09-04 15:00:00'),
(390, 1, 'Water Temperature', 24.74, 24.74, 0.18816930137685584, 0, '', '2021-09-04 15:15:00'),
(391, 1, 'Water Temperature', 24.9, 24.9, 0.16284208737039618, 0, '', '2021-09-04 15:30:00'),
(392, 1, 'Water Temperature', 25.08, 25.08, 0.12391636919939408, 0, '', '2021-09-04 15:45:00'),
(393, 1, 'Water Temperature', 25.22, 25.22, 0.11082780894102184, 0, '', '2021-09-04 16:00:00'),
(394, 1, 'Water Temperature', 25.42, 25.42, 0.046064932857387886, 0, '', '2021-09-04 16:15:00'),
(395, 1, 'Water Temperature', 25.56, 25.56, 0.05201427842937523, 0, '', '2021-09-04 16:30:00'),
(396, 1, 'Water Temperature', 25.54, 25.54, 0.19938806731260295, 0, '', '2021-09-04 16:45:00'),
(397, 1, 'Water Temperature', 25.57, 25.57, 0.0951895291517979, 0, '', '2021-09-04 17:00:00'),
(398, 1, 'Water Temperature', 25.51, 25.51, 0.21740608533062056, 0, '', '2021-09-04 17:15:00'),
(399, 1, 'Water Temperature', 25.62, 25.62, 0.03501614822369703, 0, '', '2021-09-04 17:30:00'),
(400, 1, 'Water Temperature', 25.57, 25.57, 0.12068672446031514, 0, '', '2021-09-04 17:45:00'),
(401, 1, 'Water Temperature', 25.58, 25.58, 0.058473567907533, 0, '', '2021-09-04 18:00:00'),
(402, 1, 'Water Temperature', 25.57, 25.57, 0.062213156552782145, 0, '', '2021-09-04 18:15:00'),
(403, 1, 'Water Temperature', 25.64, 25.64, 0.026177120516744368, 0, '', '2021-09-04 18:30:00'),
(404, 1, 'Water Temperature', 25.58, 25.58, 0.0804011558728579, 0, '', '2021-09-04 18:45:00'),
(405, 1, 'Water Temperature', 25.47, 25.47, 0.15587285398606832, 0, '', '2021-09-04 19:00:00'),
(406, 1, 'Water Temperature', 25.4, 25.4, 0.11847696753357706, 0, '', '2021-09-04 19:15:00'),
(407, 1, 'Water Temperature', 25.39, 25.39, 0.07377188509264332, 0, '', '2021-09-04 19:30:00'),
(408, 1, 'Water Temperature', 25.35, 25.35, 0.09620941696413854, 0, '', '2021-09-04 19:45:00'),
(409, 1, 'Water Temperature', 25.29, 25.29, 0.12476627570967791, 0, '', '2021-09-04 20:00:00'),
(410, 1, 'Water Temperature', 25.22, 25.22, 0.15332313445521661, 0, '', '2021-09-04 20:15:00'),
(411, 1, 'Water Temperature', 25.11, 25.11, 0.30069692333843845, 0, '', '2021-09-04 20:30:00'),
(412, 1, 'Water Temperature', 25.14, 25.14, 0.07003229644739417, 0, '', '2021-09-04 20:45:00'),
(413, 1, 'Water Temperature', 25.1, 25.1, 0.15179330273670566, 0, '', '2021-09-04 21:00:00'),
(414, 1, 'Water Temperature', 25.02, 25.02, 0.2823389427163071, 0, '', '2021-09-04 21:15:00'),
(415, 1, 'Water Temperature', 24.86, 24.86, 0.8099609043005286, 0, '', '2021-09-04 21:30:00'),
(416, 1, 'Water Temperature', 24.76, 24.76, 0.5524392316845185, 0, '', '2021-09-04 21:45:00'),
(417, 1, 'Water Temperature', 24.68, 24.68, 0.4975352711201809, 0, '', '2021-09-04 22:00:00'),
(418, 1, 'Water Temperature', 24.6, 24.6, 0.5524392316845185, 0, '', '2021-09-04 22:15:00'),
(419, 1, 'Water Temperature', 24.57, 24.57, 0.31225565187829896, 0, '', '2021-09-04 22:30:00'),
(420, 1, 'Water Temperature', 24.42, 24.42, 0.7931327553969082, 0, '', '2021-09-04 22:45:00'),
(421, 1, 'Water Temperature', 24.31, 24.31, 0.9058303586605482, 0, '', '2021-09-04 23:00:00'),
(422, 1, 'Water Temperature', 24.17, 24.17, 0.736528981812003, 0, '', '2021-09-04 23:15:00'),
(423, 1, 'Water Temperature', 23.94, 23.94, 0.2277749447560835, 0, '', '2021-09-04 23:30:00'),
(424, 1, 'Water Temperature', 23.92, 23.92, 0.454869964303931, 0, '', '2021-09-04 23:45:00'),
(425, 1, 'Water Temperature', 23.8, 23.8, 0.736528981812003, 0, '', '2021-09-05 00:00:00'),
(426, 1, 'Water Temperature', 23.71, 23.71, 0.9058303586605482, 0, '', '2021-09-05 00:15:00'),
(427, 1, 'Water Temperature', 23.66, 23.66, 0.7734149243583226, 0, '', '2021-09-05 00:30:00'),
(428, 1, 'Water Temperature', 23.61, 23.61, 0.8351181370049309, 0, '', '2021-09-05 00:45:00'),
(429, 1, 'Water Temperature', 23.55, 23.55, 0.9058303586605482, 0, '', '2021-09-05 01:00:00'),
(430, 1, 'Water Temperature', 23.54, 23.54, 0.7528471868094532, 0, '', '2021-09-05 01:15:00'),
(431, 1, 'Water Temperature', 23.5, 23.5, 0.8655447900730932, 0, '', '2021-09-05 01:30:00'),
(432, 1, 'Water Temperature', 23.27, 23.27, 0.08431072582016386, 0, '', '2021-09-05 01:45:00'),
(433, 1, 'Water Temperature', 23.48, 23.48, 0.06918238993711023, 0, '', '2021-09-05 02:00:00'),
(434, 1, 'Water Temperature', 23.5, 23.5, 0.8655447900730932, 0, '', '2021-09-05 02:15:00'),
(435, 1, 'Water Temperature', 23.68, 23.68, 0.1582525922148632, 0, '', '2021-09-05 02:30:00'),
(436, 1, 'Water Temperature', 23.67, 23.67, 0.6867244603093687, 0, '', '2021-09-05 02:45:00'),
(437, 1, 'Water Temperature', 23.67, 23.67, 0.6741458439571676, 0, '', '2021-09-05 03:00:00'),
(438, 1, 'Water Temperature', 23.65, 23.65, 0.507224205337417, 0, '', '2021-09-05 03:15:00'),
(439, 1, 'Water Temperature', 23.82, 23.82, 0.26908040115587883, 0, '', '2021-09-05 03:30:00'),
(440, 1, 'Water Temperature', 23.96, 23.96, 0.4176440591534979, 0, '', '2021-09-05 03:45:00'),
(441, 1, 'Water Temperature', 24.01, 24.01, 0.8351181370049309, 0, '', '2021-09-05 04:00:00'),
(442, 1, 'Water Temperature', 24.04, 24.04, 0.8099609043005286, 0, '', '2021-09-05 04:15:00'),
(443, 1, 'Water Temperature', 24.05, 24.05, 0.6627570967193638, 0, '', '2021-09-05 04:30:00'),
(444, 1, 'Water Temperature', 24.02, 24.02, 0.45928947815740717, 0, '', '2021-09-05 04:45:00'),
(445, 1, 'Water Temperature', 23.87, 23.87, 0.11983681795003132, 0, '', '2021-09-05 05:00:00'),
(446, 1, 'Water Temperature', 23.88, 23.88, 0.8655447900730932, 0, '', '2021-09-05 05:15:00'),
(447, 1, 'Water Temperature', 23.86, 23.86, 0.6867244603093687, 0, '', '2021-09-05 05:30:00'),
(448, 1, 'Water Temperature', 23.86, 23.86, 0.8655447900730932, 0, '', '2021-09-05 05:45:00'),
(449, 1, 'Water Temperature', 23.82, 23.82, 0.7198708142104393, 0, '', '2021-09-05 06:00:00'),
(450, 1, 'Water Temperature', 23.79, 23.79, 0.7931327553969082, 0, '', '2021-09-05 06:15:00'),
(451, 1, 'Water Temperature', 23.8, 23.8, 0.8655447900730932, 0, '', '2021-09-05 06:30:00'),
(452, 1, 'Water Temperature', 23.8, 23.8, 0.9058303586605482, 0, '', '2021-09-05 06:45:00'),
(453, 1, 'Water Temperature', 23.81, 23.81, 0.8655447900730932, 0, '', '2021-09-05 07:00:00'),
(454, 1, 'Water Temperature', 23.79, 23.79, 0.7528471868094532, 0, '', '2021-09-05 07:15:00'),
(455, 1, 'Water Temperature', 23.8, 35, 0, 1, 'outlier', '2021-09-05 07:30:00'),
(456, 1, 'Water Temperature', 23.74, 23.74, 0.4654088050314509, 0, '', '2021-09-05 07:45:00'),
(457, 1, 'Water Temperature', 23.7, 23.7, 0.609552949175594, 0, '', '2021-09-05 08:00:00'),
(458, 1, 'Water Temperature', 23.65, 23.65, 0.5600883902770732, 0, '', '2021-09-05 08:15:00'),
(459, 1, 'Water Temperature', 23.66, 0, 0, 1, 'omission', '2021-09-05 08:30:00'),
(460, 1, 'Water Temperature', 23.67, 0, 0, 1, 'omission', '2021-09-05 08:45:00'),
(461, 1, 'Water Temperature', 23.68, 0, 0, 1, 'omission', '2021-09-05 09:00:00'),
(462, 1, 'Water Temperature', 23.69, 0, 0, 1, 'omission', '2021-09-05 09:15:00'),
(463, 1, 'Water Temperature', 23.71, 0, 0, 1, 'omission', '2021-09-05 09:30:00'),
(464, 1, 'Water Temperature', 23.73, 0, 0, 1, 'omission', '2021-09-05 09:45:00'),
(465, 1, 'Water Temperature', 23.76, 0, 0, 1, 'omission', '2021-09-05 10:00:00'),
(466, 1, 'Water Temperature', 23.79, 0, 0, 1, 'omission', '2021-09-05 10:15:00'),
(467, 1, 'Water Temperature', 23.82, 0, 0, 1, 'omission', '2021-09-05 10:30:00'),
(468, 1, 'Water Temperature', 23.86, 0, 0, 1, 'omission', '2021-09-05 10:45:00'),
(469, 1, 'Water Temperature', 23.9, 0, 0, 1, 'omission', '2021-09-05 11:00:00'),
(470, 1, 'Water Temperature', 23.94, 0, 0, 1, 'omission', '2021-09-05 11:15:00'),
(471, 1, 'Water Temperature', 23.87, 23.87, 0.3190549039605699, 0, '', '2021-09-05 11:30:00'),
(472, 1, 'Water Temperature', 23.66, 23.66, 0.06935237123916704, 0, '', '2021-09-05 11:45:00'),
(473, 1, 'Water Temperature', 23.75, 23.75, 0.4490906000340008, 0, '', '2021-09-05 12:00:00'),
(474, 1, 'Water Temperature', 23.63, 23.63, 0.20584735679076027, 0, '', '2021-09-05 12:15:00'),
(475, 1, 'Water Temperature', 23.65, 23.65, 0.8351181370049309, 0, '', '2021-09-05 12:30:00'),
(476, 1, 'Water Temperature', 23.52, 23.52, 0.24154343022268177, 0, '', '2021-09-05 12:45:00'),
(477, 1, 'Water Temperature', 23.59, 23.59, 0.454869964303931, 0, '', '2021-09-05 13:00:00'),
(478, 1, 'Water Temperature', 23.54, 23.54, 0.6209416964133978, 0, '', '2021-09-05 13:15:00'),
(479, 1, 'Water Temperature', 23.58, 23.58, 0.705252422233557, 0, '', '2021-09-05 13:30:00'),
(480, 1, 'Water Temperature', 23.53, 23.53, 0.609552949175594, 0, '', '2021-09-05 13:45:00'),
(481, 1, 'Water Temperature', 23.59, 23.59, 0.6867244603093687, 0, '', '2021-09-05 14:00:00'),
(482, 1, 'Water Temperature', 23.9, 23.9, 0.04181540030596831, 0, '', '2021-09-05 14:15:00'),
(483, 1, 'Water Temperature', 24.09, 24.09, 0.21162672106069036, 0, '', '2021-09-05 14:30:00'),
(484, 1, 'Water Temperature', 23.97, 23.97, 0.14091449940507184, 0, '', '2021-09-05 14:45:00'),
(485, 1, 'Water Temperature', 24.16, 24.16, 0.19496855345912678, 0, '', '2021-09-05 15:00:00'),
(486, 1, 'Water Temperature', 24.66, 24.66, 0.011048784633690856, 0, '', '2021-09-05 15:15:00'),
(487, 1, 'Water Temperature', 24.88, 24.88, 0.14652388237294556, 0, '', '2021-09-05 15:30:00'),
(488, 1, 'Water Temperature', 24.95, 24.95, 0.507224205337417, 0, '', '2021-09-05 15:45:00'),
(489, 1, 'Water Temperature', 24.97, 24.97, 0.7198708142104393, 0, '', '2021-09-05 16:00:00'),
(490, 1, 'Water Temperature', 24.65, 24.65, 0.0343362230154699, 0, '', '2021-09-05 16:15:00'),
(491, 1, 'Water Temperature', 24.92, 24.92, 0.04810470848206927, 0, '', '2021-09-05 16:30:00'),
(492, 1, 'Water Temperature', 25.29, 25.29, 0.01308856025837224, 0, '', '2021-09-05 16:45:00'),
(493, 1, 'Water Temperature', 25.4, 25.4, 0.08686044535101556, 0, '', '2021-09-05 17:00:00'),
(494, 1, 'Water Temperature', 25.38, 25.38, 0.22930477647459435, 0, '', '2021-09-05 17:15:00'),
(495, 1, 'Water Temperature', 25.25, 25.25, 0.7734149243583226, 0, '', '2021-09-05 17:30:00'),
(496, 1, 'Water Temperature', 25.15, 25.15, 0.6741458439571676, 0, '', '2021-09-05 17:45:00'),
(497, 1, 'Water Temperature', 25.26, 25.26, 0.062213156552782145, 0, '', '2021-09-05 18:00:00'),
(498, 1, 'Water Temperature', 25.28, 25.28, 0.1171171171171228, 0, '', '2021-09-05 18:15:00'),
(499, 1, 'Water Temperature', 25.23, 25.23, 0.2480027197008391, 0, '', '2021-09-05 18:30:00'),
(500, 1, 'Water Temperature', 25.25, 25.25, 0.10674825769165908, 0, '', '2021-09-05 18:45:00'),
(501, 1, 'Water Temperature', 25.21, 25.21, 0.17746047934727915, 0, '', '2021-09-05 19:00:00'),
(502, 1, 'Water Temperature', 25.15, 25.15, 0.23525412204658136, 0, '', '2021-09-05 19:15:00'),
(503, 1, 'Water Temperature', 25.18, 25.18, 0.08873023967364013, 0, '', '2021-09-05 19:30:00'),
(504, 1, 'Water Temperature', 25.14, 25.14, 0.1922488526262185, 0, '', '2021-09-05 19:45:00'),
(505, 1, 'Water Temperature', 25.1, 25.1, 0.22046574876764247, 0, '', '2021-09-05 20:00:00'),
(506, 1, 'Water Temperature', 25.07, 25.07, 0.19496855345912678, 0, '', '2021-09-05 20:15:00'),
(507, 1, 'Water Temperature', 25.06, 25.06, 0.1606323304436581, 0, '', '2021-09-05 20:30:00'),
(508, 1, 'Water Temperature', 24.94, 24.94, 0.6627570967193638, 0, '', '2021-09-05 20:45:00'),
(509, 1, 'Water Temperature', 24.79, 13, 0, 1, 'outlier', '2021-09-05 21:00:00'),
(510, 1, 'Water Temperature', 24.83, 24.83, 0.12391636919939408, 0, '', '2021-09-05 21:15:00'),
(511, 1, 'Water Temperature', 24.84, 24.84, 0.18323984361720946, 0, '', '2021-09-05 21:30:00'),
(512, 1, 'Water Temperature', 24.81, 24.81, 0.30069692333843845, 0, '', '2021-09-05 21:45:00'),
(513, 1, 'Water Temperature', 24.65, 24.65, 0.8099609043005286, 0, '', '2021-09-05 22:00:00'),
(514, 1, 'Water Temperature', 24.56, 24.56, 0.7734149243583226, 0, '', '2021-09-05 22:15:00'),
(515, 1, 'Water Temperature', 24.47, 24.47, 0.8351181370049309, 0, '', '2021-09-05 22:30:00'),
(516, 1, 'Water Temperature', 24.43, 24.43, 0.5524392316845185, 0, '', '2021-09-05 22:45:00'),
(517, 1, 'Water Temperature', 24.37, 24.37, 0.6867244603093687, 0, '', '2021-09-05 23:00:00'),
(518, 1, 'Water Temperature', 24.29, 24.29, 0.9058303586605482, 0, '', '2021-09-05 23:15:00'),
(519, 1, 'Water Temperature', 24.16, 24.16, 0.6501784803671626, 0, '', '2021-09-05 23:30:00'),
(520, 1, 'Water Temperature', 24.03, 24.03, 0.6209416964133978, 0, '', '2021-09-05 23:45:00'),
(521, 1, 'Water Temperature', 23.84, 23.84, 0.2887982321944643, 0, '', '2021-09-06 00:00:00'),
(522, 1, 'Water Temperature', 23.65, 23.65, 0.28420873703893157, 0, '', '2021-09-06 00:15:00'),
(523, 1, 'Water Temperature', 23.61, 23.61, 0.6741458439571676, 0, '', '2021-09-06 00:30:00'),
(524, 1, 'Water Temperature', 23.45, 23.45, 0.40829508754037536, 0, '', '2021-09-06 00:45:00'),
(525, 1, 'Water Temperature', 23.46, 23.46, 0.39911609722930974, 0, '', '2021-09-06 01:00:00'),
(526, 1, 'Water Temperature', 23.3, 23.3, 0.3722590515043398, 0, '', '2021-09-06 01:15:00'),
(527, 1, 'Water Temperature', 23.31, 23.31, 0.4830868604453552, 0, '', '2021-09-06 01:30:00'),
(528, 1, 'Water Temperature', 23.2, 23.2, 0.5158932517423124, 0, '', '2021-09-06 01:45:00'),
(529, 1, 'Water Temperature', 23.23, 23.23, 0.5242223355430943, 0, '', '2021-09-06 02:00:00'),
(530, 1, 'Water Temperature', 23.17, 23.17, 0.6741458439571676, 0, '', '2021-09-06 02:15:00'),
(531, 1, 'Water Temperature', 23.17, 23.17, 0.9058303586605482, 0, '', '2021-09-06 02:30:00'),
(532, 1, 'Water Temperature', 23.31, 23.31, 0.20754716981132793, 0, '', '2021-09-06 02:45:00'),
(533, 1, 'Water Temperature', 23.32, 23.32, 0.7931327553969082, 0, '', '2021-09-06 03:00:00'),
(534, 1, 'Water Temperature', 23.29, 23.29, 0.5242223355430943, 0, '', '2021-09-06 03:15:00'),
(535, 1, 'Water Temperature', 23.45, 23.45, 0.26398096209417565, 0, '', '2021-09-06 03:30:00'),
(536, 1, 'Water Temperature', 23.59, 23.59, 0.4654088050314509, 0, '', '2021-09-06 03:45:00'),
(537, 1, 'Water Temperature', 23.72, 23.72, 0.6209416964133978, 0, '', '2021-09-06 04:00:00'),
(538, 1, 'Water Temperature', 23.8, 23.8, 0.9058303586605482, 0, '', '2021-09-06 04:15:00'),
(539, 1, 'Water Temperature', 23.87, 23.87, 0.8655447900730932, 0, '', '2021-09-06 04:30:00'),
(540, 1, 'Water Temperature', 23.88, 23.88, 0.4654088050314509, 0, '', '2021-09-06 04:45:00'),
(541, 1, 'Water Temperature', 23.86, 23.86, 0.3722590515043398, 0, '', '2021-09-06 05:00:00'),
(542, 1, 'Water Temperature', 23.83, 23.83, 0.38194798572157573, 0, '', '2021-09-06 05:15:00'),
(543, 1, 'Water Temperature', 23.79, 23.79, 0.36274009858916045, 0, '', '2021-09-06 05:30:00'),
(544, 1, 'Water Temperature', 23.73, 23.73, 0.3413224545300071, 0, '', '2021-09-06 05:45:00'),
(545, 1, 'Water Temperature', 23.68, 23.68, 0.472038075811665, 0, '', '2021-09-06 06:00:00');
INSERT INTO `measurement` (`id`, `station_id`, `metric_name`, `raw_value`, `corrected_value`, `quality`, `failure`, `failure_type`, `timestamp`) VALUES
(546, 1, 'Water Temperature', 23.66, 23.66, 0.7528471868094532, 0, '', '2021-09-06 06:15:00'),
(547, 1, 'Water Temperature', 23.65, 23.65, 0.8351181370049309, 0, '', '2021-09-06 06:30:00'),
(548, 1, 'Water Temperature', 23.61, 23.61, 0.6741458439571676, 0, '', '2021-09-06 06:45:00'),
(549, 1, 'Water Temperature', 23.63, 23.63, 0.8351181370049309, 0, '', '2021-09-06 07:00:00'),
(550, 1, 'Water Temperature', 23.65, 23.65, 0.8655447900730932, 0, '', '2021-09-06 07:15:00'),
(551, 1, 'Water Temperature', 23.68, 23.68, 0.8655447900730932, 0, '', '2021-09-06 07:30:00'),
(552, 1, 'Water Temperature', 23.69, 23.69, 0.8655447900730932, 0, '', '2021-09-06 07:45:00'),
(553, 1, 'Water Temperature', 23.71, 23.71, 0.9058303586605482, 0, '', '2021-09-06 08:00:00'),
(554, 1, 'Water Temperature', 23.71, 23.71, 0.7528471868094532, 0, '', '2021-09-06 08:15:00'),
(555, 1, 'Water Temperature', 23.73, 23.73, 0.8655447900730932, 0, '', '2021-09-06 08:30:00'),
(556, 1, 'Water Temperature', 23.64, 23.64, 0.25293217746048546, 0, '', '2021-09-06 08:45:00'),
(557, 1, 'Water Temperature', 23.64, 23.64, 0.7931327553969082, 0, '', '2021-09-06 09:00:00'),
(558, 1, 'Water Temperature', 23.67, 0, 0, 1, 'omission', '2021-09-06 09:15:00'),
(559, 1, 'Water Temperature', 23.7, 0, 0, 1, 'omission', '2021-09-06 09:30:00'),
(560, 1, 'Water Temperature', 23.72, 0, 0, 1, 'omission', '2021-09-06 09:45:00'),
(561, 1, 'Water Temperature', 23.75, 0, 0, 1, 'omission', '2021-09-06 10:00:00'),
(562, 1, 'Water Temperature', 23.78, 0, 0, 1, 'omission', '2021-09-06 10:15:00'),
(563, 1, 'Water Temperature', 23.81, 0, 0, 1, 'omission', '2021-09-06 10:30:00'),
(564, 1, 'Water Temperature', 23.84, 0, 0, 1, 'omission', '2021-09-06 10:45:00'),
(565, 1, 'Water Temperature', 23.88, 0, 0, 1, 'omission', '2021-09-06 11:00:00'),
(566, 1, 'Water Temperature', 23.92, 0, 0, 1, 'omission', '2021-09-06 11:15:00'),
(567, 1, 'Water Temperature', 23.96, 0, 0, 1, 'omission', '2021-09-06 11:30:00'),
(568, 1, 'Water Temperature', 23.99, 0, 0, 1, 'omission', '2021-09-06 11:45:00'),
(569, 1, 'Water Temperature', 24.02, 0, 0, 1, 'omission', '2021-09-06 12:00:00'),
(570, 1, 'Water Temperature', 24.05, 0, 0, 1, 'omission', '2021-09-06 12:15:00'),
(571, 1, 'Water Temperature', 24.08, 0, 0, 1, 'omission', '2021-09-06 12:30:00'),
(572, 1, 'Water Temperature', 24.1, 0, 0, 1, 'omission', '2021-09-06 12:45:00'),
(573, 1, 'Water Temperature', 24.12, 0, 0, 1, 'omission', '2021-09-06 13:00:00'),
(574, 1, 'Water Temperature', 24.14, 0, 0, 1, 'omission', '2021-09-06 13:15:00'),
(575, 1, 'Water Temperature', 24.15, 0, 0, 1, 'omission', '2021-09-06 13:30:00'),
(576, 1, 'Water Temperature', 24.16, 0, 0, 1, 'omission', '2021-09-06 13:45:00'),
(577, 1, 'Water Temperature', 24.17, 0, 0, 1, 'omission', '2021-09-06 14:00:00'),
(578, 1, 'Water Temperature', 24.17, 0, 0, 1, 'omission', '2021-09-06 14:15:00'),
(579, 1, 'Water Temperature', 24.17, 0, 0, 1, 'omission', '2021-09-06 14:30:00'),
(580, 1, 'Water Temperature', 24.17, 0, 0, 1, 'omission', '2021-09-06 14:45:00'),
(581, 1, 'Water Temperature', 24.16, 0, 0, 1, 'omission', '2021-09-06 15:00:00'),
(582, 1, 'Water Temperature', 24.15, 0, 0, 1, 'omission', '2021-09-06 15:15:00'),
(583, 1, 'Water Temperature', 24.14, 0, 0, 1, 'omission', '2021-09-06 15:30:00'),
(584, 1, 'Water Temperature', 24.26, 24.26, 0.22930477647459435, 0, '', '2021-09-06 15:45:00'),
(585, 1, 'Water Temperature', 24.53, 24.53, 0.04742478327384214, 0, '', '2021-09-06 16:00:00'),
(586, 1, 'Water Temperature', 24.62, 24.62, 0.3413224545300071, 0, '', '2021-09-06 16:15:00'),
(587, 1, 'Water Temperature', 24.63, 24.63, 0.7734149243583226, 0, '', '2021-09-06 16:30:00'),
(588, 1, 'Water Temperature', 24.62, 24.62, 0.8655447900730932, 0, '', '2021-09-06 16:45:00'),
(589, 1, 'Water Temperature', 24.55, 24.55, 0.5889852116267247, 0, '', '2021-09-06 17:00:00'),
(590, 1, 'Water Temperature', 24.43, 24.43, 0.33741288458270136, 0, '', '2021-09-06 17:15:00'),
(591, 1, 'Water Temperature', 24.43, 24.43, 0.7931327553969082, 0, '', '2021-09-06 17:30:00'),
(592, 1, 'Water Temperature', 24.48, 24.48, 0.4244433112357687, 0, '', '2021-09-06 17:45:00'),
(593, 1, 'Water Temperature', 24.51, 24.51, 0.4830868604453552, 0, '', '2021-09-06 18:00:00'),
(594, 1, 'Water Temperature', 24.45, 24.45, 0.9058303586605482, 0, '', '2021-09-06 18:15:00'),
(595, 1, 'Water Temperature', 24.4, 24.4, 0.8655447900730932, 0, '', '2021-09-06 18:30:00'),
(596, 1, 'Water Temperature', 24.5, 24.5, 0.1686214516403266, 0, '', '2021-09-06 18:45:00'),
(597, 1, 'Water Temperature', 24.49, 24.49, 0.6867244603093687, 0, '', '2021-09-06 19:00:00'),
(598, 1, 'Water Temperature', 24.45, 24.45, 0.8655447900730932, 0, '', '2021-09-06 19:15:00'),
(599, 1, 'Water Temperature', 24.49, 24.49, 0.39911609722930974, 0, '', '2021-09-06 19:30:00'),
(600, 1, 'Water Temperature', 24.44, 24.44, 0.9058303586605482, 0, '', '2021-09-06 19:45:00'),
(601, 1, 'Water Temperature', 24.52, 24.52, 0.25293217746048546, 0, '', '2021-09-06 20:00:00'),
(602, 1, 'Water Temperature', 24.54, 24.54, 0.5029746727859976, 0, '', '2021-09-06 20:15:00'),
(603, 1, 'Water Temperature', 24.48, 24.48, 0.8655447900730932, 0, '', '2021-09-06 20:30:00'),
(604, 1, 'Water Temperature', 24.39, 24.39, 0.6627570967193638, 0, '', '2021-09-06 20:45:00'),
(605, 1, 'Water Temperature', 24.37, 24.37, 0.7931327553969082, 0, '', '2021-09-06 21:00:00'),
(606, 1, 'Water Temperature', 24.38, 24.38, 0.5889852116267247, 0, '', '2021-09-06 21:15:00'),
(607, 1, 'Water Temperature', 24.32, 24.32, 0.8655447900730932, 0, '', '2021-09-06 21:30:00'),
(608, 1, 'Water Temperature', 24.32, 24.32, 0.6209416964133978, 0, '', '2021-09-06 21:45:00'),
(609, 1, 'Water Temperature', 24.36, 24.36, 0.41390447050824886, 0, '', '2021-09-06 22:00:00'),
(610, 1, 'Water Temperature', 24.37, 24.37, 0.609552949175594, 0, '', '2021-09-06 22:15:00'),
(611, 1, 'Water Temperature', 24.17, 24.17, 0.16726160122387235, 0, '', '2021-09-06 22:30:00'),
(612, 1, 'Water Temperature', 23.98, 23.98, 0.19122896481387774, 0, '', '2021-09-06 22:45:00'),
(613, 1, 'Water Temperature', 23.92, 23.92, 0.8351181370049309, 0, '', '2021-09-06 23:00:00'),
(614, 1, 'Water Temperature', 24, 24, 0.2626211116777214, 0, '', '2021-09-06 23:15:00'),
(615, 1, 'Water Temperature', 23.95, 23.95, 0.9058303586605482, 0, '', '2021-09-06 23:30:00'),
(616, 1, 'Water Temperature', 23.85, 23.85, 0.5794662587115453, 0, '', '2021-09-06 23:45:00'),
(617, 1, 'Water Temperature', 23.71, 23.71, 0.34540200577936964, 0, '', '2021-09-07 00:00:00'),
(618, 1, 'Water Temperature', 23.67, 25, 0, 1, 'outlier', '2021-09-07 00:15:00'),
(619, 1, 'Water Temperature', 23.45, 23.45, 0.12068672446031514, 0, '', '2021-09-07 00:30:00'),
(620, 1, 'Water Temperature', 23.27, 23.27, 0.22046574876764247, 0, '', '2021-09-07 00:45:00'),
(621, 1, 'Water Temperature', 23.18, 23.18, 0.7198708142104393, 0, '', '2021-09-07 01:00:00'),
(622, 1, 'Water Temperature', 23.12, 23.12, 0.8655447900730932, 0, '', '2021-09-07 01:15:00'),
(623, 1, 'Water Temperature', 23.02, 23.02, 0.6501784803671626, 0, '', '2021-09-07 01:30:00'),
(624, 1, 'Water Temperature', 23.02, 23.02, 0.5794662587115453, 0, '', '2021-09-07 01:45:00'),
(625, 1, 'Water Temperature', 22.94, 22.94, 0.6867244603093687, 0, '', '2021-09-07 02:00:00'),
(626, 1, 'Water Temperature', 22.88, 22.88, 0.736528981812003, 0, '', '2021-09-07 02:15:00'),
(627, 1, 'Water Temperature', 22.78, 22.78, 0.4654088050314509, 0, '', '2021-09-07 02:30:00'),
(628, 1, 'Water Temperature', 22.57, 22.57, 0.11456739758627099, 0, '', '2021-09-07 02:45:00'),
(629, 1, 'Water Temperature', 22.59, 22.59, 0.6280809110997823, 0, '', '2021-09-07 03:00:00'),
(630, 1, 'Water Temperature', 22.54, 22.54, 0.705252422233557, 0, '', '2021-09-07 03:15:00'),
(631, 1, 'Water Temperature', 23.08, 23.08, 0.004929457759646705, 0, '', '2021-09-07 03:30:00'),
(632, 1, 'Water Temperature', 22.97, 22.97, 0.1375148733639363, 0, '', '2021-09-07 03:45:00'),
(633, 1, 'Water Temperature', 23, 23, 0.8351181370049309, 0, '', '2021-09-07 04:00:00'),
(634, 1, 'Water Temperature', 23.28, 23.28, 0.08278089410165279, 0, '', '2021-09-07 04:15:00'),
(635, 1, 'Water Temperature', 23.41, 23.41, 0.9058303586605482, 0, '', '2021-09-07 04:30:00'),
(636, 1, 'Water Temperature', 23.48, 23.48, 0.6741458439571676, 0, '', '2021-09-07 04:45:00'),
(637, 1, 'Water Temperature', 23.5, 23.5, 0.3955464898861175, 0, '', '2021-09-07 05:00:00'),
(638, 1, 'Water Temperature', 23.49, 23.49, 0.25905150433452917, 0, '', '2021-09-07 05:15:00'),
(639, 1, 'Water Temperature', 23.45, 23.45, 0.17117117117117842, 0, '', '2021-09-07 05:30:00'),
(640, 1, 'Water Temperature', 23.45, 23.45, 0.4654088050314509, 0, '', '2021-09-07 05:45:00'),
(641, 1, 'Water Temperature', 23.44, 23.44, 0.4654088050314509, 0, '', '2021-09-07 06:00:00'),
(642, 1, 'Water Temperature', 23.39, 23.39, 0.29491755906850825, 0, '', '2021-09-07 06:15:00'),
(643, 1, 'Water Temperature', 23.35, 23.35, 0.4490906000340008, 0, '', '2021-09-07 06:30:00'),
(644, 1, 'Water Temperature', 23.33, 23.33, 0.6401495835458131, 0, '', '2021-09-07 06:45:00'),
(645, 1, 'Water Temperature', 23.32, 23.32, 0.736528981812003, 0, '', '2021-09-07 07:00:00'),
(646, 1, 'Water Temperature', 23.34, 10, 0, 1, 'outlier', '2021-09-07 07:15:00'),
(647, 1, 'Water Temperature', 23.3, 23.3, 0.5352711201767845, 0, '', '2021-09-07 07:30:00'),
(648, 1, 'Water Temperature', 23.28, 23.28, 0.6627570967193638, 0, '', '2021-09-07 07:45:00'),
(649, 1, 'Water Temperature', 23.33, 23.33, 0.7931327553969082, 0, '', '2021-09-07 08:00:00'),
(650, 1, 'Water Temperature', 23.37, 23.37, 0.9058303586605482, 0, '', '2021-09-07 08:15:00'),
(651, 1, 'Water Temperature', 23.32, 23.32, 0.3955464898861175, 0, '', '2021-09-07 08:30:00'),
(652, 1, 'Water Temperature', 23.4, 23.4, 0.6627570967193638, 0, '', '2021-09-07 08:45:00'),
(653, 1, 'Water Temperature', 23.43, 23.43, 0.8351181370049309, 0, '', '2021-09-07 09:00:00'),
(654, 1, 'Water Temperature', 23.35, 23.35, 0.22046574876764247, 0, '', '2021-09-07 09:15:00'),
(655, 1, 'Water Temperature', 23.51, 23.51, 0.2571817100119047, 0, '', '2021-09-07 09:30:00'),
(656, 1, 'Water Temperature', 23.37, 23.37, 0.10640829508754546, 0, '', '2021-09-07 09:45:00'),
(657, 1, 'Water Temperature', 23.33, 23.33, 0.4285228624851313, 0, '', '2021-09-07 10:00:00'),
(658, 1, 'Water Temperature', 23.33, 23.33, 0.736528981812003, 0, '', '2021-09-07 10:15:00'),
(659, 1, 'Water Temperature', 23.31, 23.31, 0.5794662587115453, 0, '', '2021-09-07 10:30:00'),
(660, 1, 'Water Temperature', 23.22, 23.22, 0.25905150433452917, 0, '', '2021-09-07 10:45:00'),
(661, 1, 'Water Temperature', 23.16, 23.16, 0.454869964303931, 0, '', '2021-09-07 11:00:00'),
(662, 1, 'Water Temperature', 23.22, 23.22, 0.6280809110997823, 0, '', '2021-09-07 11:15:00'),
(663, 1, 'Water Temperature', 23.26, 23.26, 0.8655447900730932, 0, '', '2021-09-07 11:30:00'),
(664, 1, 'Water Temperature', 23.22, 23.22, 0.5352711201767845, 0, '', '2021-09-07 11:45:00'),
(665, 1, 'Water Temperature', 23.23, 23.23, 0.8655447900730932, 0, '', '2021-09-07 12:00:00'),
(666, 1, 'Water Temperature', 23.19, 23.19, 0.4654088050314509, 0, '', '2021-09-07 12:15:00'),
(667, 1, 'Water Temperature', 23.19, 23.19, 0.7198708142104393, 0, '', '2021-09-07 12:30:00'),
(668, 1, 'Water Temperature', 23.02, 23.02, 0.0999490056093878, 0, '', '2021-09-07 12:45:00'),
(669, 1, 'Water Temperature', 22.92, 22.92, 0.2770695223525471, 0, '', '2021-09-07 13:00:00'),
(670, 1, 'Water Temperature', 23, 23, 0.4975352711201809, 0, '', '2021-09-07 13:15:00'),
(671, 1, 'Water Temperature', 22.92, 22.92, 0.3297637259901467, 0, '', '2021-09-07 13:30:00'),
(672, 1, 'Water Temperature', 23, 23, 0.472038075811665, 0, '', '2021-09-07 13:45:00'),
(673, 1, 'Water Temperature', 22.93, 22.93, 0.39044705082441433, 0, '', '2021-09-07 14:00:00'),
(674, 1, 'Water Temperature', 22.81, 22.81, 0.19938806731260295, 0, '', '2021-09-07 14:15:00'),
(675, 1, 'Water Temperature', 22.83, 22.83, 0.8655447900730932, 0, '', '2021-09-07 14:30:00'),
(676, 1, 'Water Temperature', 22.82, 22.82, 0.7528471868094532, 0, '', '2021-09-07 14:45:00'),
(677, 1, 'Water Temperature', 22.7, 22.7, 0.1922488526262185, 0, '', '2021-09-07 15:00:00'),
(678, 1, 'Water Temperature', 22.72, 22.72, 0.9058303586605482, 0, '', '2021-09-07 15:15:00'),
(679, 1, 'Water Temperature', 23.23, 23.23, 0.0069692333843280885, 0, '', '2021-09-07 15:30:00'),
(680, 1, 'Water Temperature', 23.17, 23.17, 0.17202107768146224, 0, '', '2021-09-07 15:45:00'),
(681, 1, 'Water Temperature', 23.43, 23.43, 0.11456739758627099, 0, '', '2021-09-07 16:00:00'),
(682, 1, 'Water Temperature', 23.83, 23.83, 0.03518612952575384, 0, '', '2021-09-07 16:15:00'),
(683, 1, 'Water Temperature', 24.18, 24.18, 0.10215876253612599, 0, '', '2021-09-07 16:30:00'),
(684, 1, 'Water Temperature', 24.2, 24.2, 0.30069692333843845, 0, '', '2021-09-07 16:45:00'),
(685, 1, 'Water Temperature', 23.93, 23.93, 0.018357980622132453, 0, '', '2021-09-07 17:00:00'),
(686, 1, 'Water Temperature', 23.95, 23.95, 0.4490906000340008, 0, '', '2021-09-07 17:15:00'),
(687, 1, 'Water Temperature', 23.92, 23.92, 0.1956484786673539, 0, '', '2021-09-07 17:30:00'),
(688, 1, 'Water Temperature', 24.02, 24.02, 0.736528981812003, 0, '', '2021-09-07 17:45:00'),
(689, 1, 'Water Temperature', 23.99, 23.99, 0.4830868604453552, 0, '', '2021-09-07 18:00:00'),
(690, 1, 'Water Temperature', 24.01, 24.01, 0.9058303586605482, 0, '', '2021-09-07 18:15:00'),
(691, 1, 'Water Temperature', 24.18, 24.18, 0.16726160122387235, 0, '', '2021-09-07 18:30:00'),
(692, 1, 'Water Temperature', 24.07, 24.07, 0.25905150433452917, 0, '', '2021-09-07 18:45:00'),
(693, 1, 'Water Temperature', 24.05, 24.05, 0.8655447900730932, 0, '', '2021-09-07 19:00:00'),
(694, 1, 'Water Temperature', 24.07, 24.07, 0.8655447900730932, 0, '', '2021-09-07 19:15:00'),
(695, 1, 'Water Temperature', 24.14, 24.14, 0.5889852116267247, 0, '', '2021-09-07 19:30:00'),
(696, 1, 'Water Temperature', 24.1, 24.1, 0.6209416964133978, 0, '', '2021-09-07 19:45:00'),
(697, 1, 'Water Temperature', 24.16, 24.16, 0.5600883902770732, 0, '', '2021-09-07 20:00:00'),
(698, 1, 'Water Temperature', 24.28, 24.28, 0.26908040115587883, 0, '', '2021-09-07 20:15:00'),
(699, 1, 'Water Temperature', 24.15, 24.15, 0.2036375998640223, 0, '', '2021-09-07 20:30:00'),
(700, 1, 'Water Temperature', 24.13, 24.13, 0.8655447900730932, 0, '', '2021-09-07 20:45:00'),
(701, 1, 'Water Temperature', 24.14, 24.14, 0.8655447900730932, 0, '', '2021-09-07 21:00:00'),
(702, 1, 'Water Temperature', 24.11, 24.11, 0.7528471868094532, 0, '', '2021-09-07 21:15:00'),
(703, 1, 'Water Temperature', 24.06, 24.06, 0.6741458439571676, 0, '', '2021-09-07 21:30:00'),
(704, 1, 'Water Temperature', 24.03, 24.03, 0.8655447900730932, 0, '', '2021-09-07 21:45:00'),
(705, 1, 'Water Temperature', 23.97, 23.97, 0.6501784803671626, 0, '', '2021-09-07 22:00:00'),
(706, 1, 'Water Temperature', 23.99, 23.99, 0.736528981812003, 0, '', '2021-09-07 22:15:00'),
(707, 1, 'Water Temperature', 23.94, 23.94, 0.7528471868094532, 0, '', '2021-09-07 22:30:00'),
(708, 1, 'Water Temperature', 23.93, 23.93, 0.9058303586605482, 0, '', '2021-09-07 22:45:00'),
(709, 1, 'Water Temperature', 24.48, 24.48, 0.8655447900730932, 0, '', '2022-06-30 15:10:30'),
(710, 1, 'Water Temperature', 24.63, 24.63, 0.3669896311405798, 0, '', '2022-06-30 15:10:30'),
(711, 1, 'Water Temperature', 24.7, 24.7, 0.705252422233557, 0, '', '2022-06-30 15:10:31'),
(712, 1, 'Water Temperature', 24.92, 24.92, 0.09875913649499035, 0, '', '2022-06-30 15:10:32'),
(713, 1, 'Water Temperature', 25.25, 25.25, 0.021757606663268092, 0, '', '2022-06-30 15:10:33'),
(714, 1, 'Water Temperature', 25, 25, 0.1375148733639363, 0, '', '2022-06-30 15:10:34'),
(715, 1, 'Water Temperature', 25.2, 25.2, 0.05184429712731853, 0, '', '2022-06-30 15:10:35'),
(716, 1, 'Water Temperature', 25.26, 25.26, 0.16556178820330458, 0, '', '2022-06-30 15:10:36'),
(717, 1, 'Water Temperature', 25.31, 25.31, 0.15672276049635225, 0, '', '2022-06-30 15:10:37'),
(718, 1, 'Water Temperature', 25.32, 25.32, 0.16811150773415628, 0, '', '2022-06-30 15:10:38'),
(719, 1, 'Water Temperature', 25.4, 25.4, 0.07003229644739417, 0, '', '2022-06-30 15:10:39'),
(720, 1, 'Water Temperature', 25.37, 25.37, 0.1868094509604017, 0, '', '2022-06-30 15:10:40'),
(721, 1, 'Water Temperature', 25.39, 25.39, 0.1048784633690345, 0, '', '2022-06-30 15:10:41'),
(722, 1, 'Water Temperature', 25.37, 25.37, 0.11983681795003132, 0, '', '2022-06-30 15:10:42'),
(723, 1, 'Water Temperature', 25.34, 25.34, 0.14839367669557002, 0, '', '2022-06-30 15:10:43'),
(724, 1, 'Water Temperature', 25.29, 25.29, 0.17372089070203, 0, '', '2022-06-30 15:10:44'),
(725, 1, 'Water Temperature', 25.19, 25.19, 0.33741288458270136, 0, '', '2022-06-30 15:10:45'),
(726, 1, 'Water Temperature', 25.15, 25.15, 0.16947135815061054, 0, '', '2022-06-30 15:10:47'),
(727, 1, 'Water Temperature', 25.14, 25.14, 0.1302056773754947, 0, '', '2022-06-30 15:10:47'),
(728, 1, 'Water Temperature', 25.11, 25.11, 0.15587285398606832, 0, '', '2022-06-30 15:10:48'),
(729, 1, 'Water Temperature', 24.86, 24.86, 0.5524392316845185, 0, '', '2022-06-30 15:10:50'),
(730, 1, 'Water Temperature', 24.67, 24.67, 0.8099609043005286, 0, '', '2022-06-30 15:10:50'),
(731, 1, 'Water Temperature', 24.5, 24.5, 0.8351181370049309, 0, '', '2022-06-30 15:10:52'),
(732, 1, 'Water Temperature', 24.29, 24.29, 0.5158932517423124, 0, '', '2022-06-30 15:10:53'),
(733, 1, 'Water Temperature', 24.16, 24.16, 0.8351181370049309, 0, '', '2022-06-30 15:10:54'),
(734, 1, 'Water Temperature', 24.04, 24.04, 0.8099609043005286, 0, '', '2022-06-30 15:10:55'),
(735, 1, 'Water Temperature', 24, 24, 0.3749787523372481, 0, '', '2022-06-30 15:10:56'),
(736, 1, 'Water Temperature', 23.97, 23.97, 0.3955464898861175, 0, '', '2022-06-30 15:10:57'),
(737, 1, 'Water Temperature', 23.81, 23.81, 0.6000339962604148, 0, '', '2022-06-30 15:10:58'),
(738, 1, 'Water Temperature', 23.93, 23.93, 0.09382967873534365, 0, '', '2022-06-30 15:10:59'),
(739, 1, 'Water Temperature', 23.74, 23.74, 0.21536630970593929, 0, '', '2022-06-30 15:11:00'),
(740, 1, 'Water Temperature', 23.66, 23.66, 0.7528471868094532, 0, '', '2022-06-30 15:11:01'),
(741, 1, 'Water Temperature', 23.45, 23.45, 0.14652388237294556, 0, '', '2022-06-30 15:11:02'),
(742, 1, 'Water Temperature', 23.4, 23.4, 0.8655447900730932, 0, '', '2022-06-30 15:11:03'),
(743, 1, 'Water Temperature', 23.41, 23.41, 0.6401495835458131, 0, '', '2022-06-30 15:11:04'),
(744, 1, 'Water Temperature', 23.42, 23.42, 0.7198708142104393, 0, '', '2022-06-30 15:11:05'),
(745, 1, 'Water Temperature', 23.28, 23.28, 0.28420873703893157, 0, '', '2022-06-30 15:11:06'),
(746, 1, 'Water Temperature', 23.21, 23.21, 0.6209416964133978, 0, '', '2022-06-30 15:11:07'),
(747, 1, 'Water Temperature', 23.14, 23.14, 0.6280809110997823, 0, '', '2022-06-30 15:11:08'),
(748, 1, 'Water Temperature', 23.3, 23.3, 0.14363420023798035, 0, '', '2022-06-30 15:11:09'),
(749, 1, 'Water Temperature', 23.42, 23.42, 0.3083460819309932, 0, '', '2022-06-30 15:11:10'),
(750, 1, 'Water Temperature', 23.37, 23.37, 0.4176440591534979, 0, '', '2022-06-30 15:11:11'),
(751, 1, 'Water Temperature', 23.38, 23.38, 0.7931327553969082, 0, '', '2022-06-30 15:11:12'),
(752, 1, 'Water Temperature', 23.42, 23.42, 0.9058303586605482, 0, '', '2022-06-30 15:11:13'),
(753, 1, 'Water Temperature', 23.52, 23.52, 0.6627570967193638, 0, '', '2022-06-30 15:11:14'),
(754, 1, 'Water Temperature', 23.72, 23.72, 0.20907700152983888, 0, '', '2022-06-30 15:11:15'),
(755, 1, 'Water Temperature', 23.94, 23.94, 0.1898691143974237, 0, '', '2022-06-30 15:11:16'),
(756, 1, 'Water Temperature', 24.12, 24.12, 0.37939826619072414, 0, '', '2022-06-30 15:11:17'),
(757, 1, 'Water Temperature', 24.26, 24.26, 0.5794662587115453, 0, '', '2022-06-30 15:11:18'),
(758, 1, 'Water Temperature', 24.29, 24.29, 0.6627570967193638, 0, '', '2022-06-30 15:11:19'),
(759, 1, 'Water Temperature', 24.28, 24.28, 0.45928947815740717, 0, '', '2022-06-30 15:11:20'),
(760, 1, 'Water Temperature', 24.28, 24.28, 0.5689274179840255, 0, '', '2022-06-30 15:11:21'),
(761, 1, 'Water Temperature', 24.37, 24.37, 0.6741458439571676, 0, '', '2022-06-30 15:11:22'),
(762, 1, 'Water Temperature', 24.12, 24.12, 0.04504504504504725, 0, '', '2022-06-30 15:11:23'),
(763, 1, 'Water Temperature', 24.34, 24.34, 0.09246982831888939, 0, '', '2022-06-30 15:11:24'),
(764, 1, 'Water Temperature', 24.41, 24.41, 0.4975352711201809, 0, '', '2022-06-30 15:11:25'),
(765, 1, 'Water Temperature', 24.33, 24.33, 0.49039605643379647, 0, '', '2022-06-30 15:11:26'),
(766, 1, 'Water Temperature', 24.32, 24.32, 0.8351181370049309, 0, '', '2022-06-30 15:11:27'),
(767, 1, 'Water Temperature', 24.3, 24.3, 0.9058303586605482, 0, '', '2022-06-30 15:11:28'),
(768, 1, 'Water Temperature', 24.17, 24.17, 0.29491755906850825, 0, '', '2022-06-30 15:11:29'),
(769, 1, 'Water Temperature', 24.1, 24.1, 0.6501784803671626, 0, '', '2022-06-30 15:11:30'),
(770, 1, 'Water Temperature', 24.09, 24.09, 0.7734149243583226, 0, '', '2022-06-30 15:11:31'),
(771, 1, 'Water Temperature', 23.88, 23.88, 0.12068672446031514, 0, '', '2022-06-30 15:11:32'),
(772, 1, 'Water Temperature', 23.81, 23.81, 0.7931327553969082, 0, '', '2022-06-30 15:11:33'),
(773, 1, 'Water Temperature', 23.76, 23.76, 0.9058303586605482, 0, '', '2022-06-30 15:11:34'),
(774, 1, 'Water Temperature', 23.66, 23.66, 0.5794662587115453, 0, '', '2022-06-30 15:11:35'),
(775, 1, 'Water Temperature', 23.59, 23.59, 0.8099609043005286, 0, '', '2022-06-30 15:11:36'),
(776, 1, 'Water Temperature', 23.59, 23.59, 0.6501784803671626, 0, '', '2022-06-30 15:11:37'),
(777, 1, 'Water Temperature', 23.57, 23.57, 0.8655447900730932, 0, '', '2022-06-30 15:11:38'),
(778, 1, 'Water Temperature', 23.5, 23.5, 0.6209416964133978, 0, '', '2022-06-30 15:11:39'),
(779, 1, 'Water Temperature', 23.39, 23.39, 0.39911609722930974, 0, '', '2022-06-30 15:11:40'),
(780, 1, 'Water Temperature', 23.33, 23.33, 0.6501784803671626, 0, '', '2022-06-30 15:11:41'),
(781, 1, 'Water Temperature', 23.26, 23.26, 0.5441101478837367, 0, '', '2022-06-30 15:11:42'),
(782, 1, 'Water Temperature', 23.29, 23.29, 0.6867244603093687, 0, '', '2022-06-30 15:11:43'),
(783, 1, 'Water Temperature', 23.27, 23.27, 0.8351181370049309, 0, '', '2022-06-30 15:11:44'),
(784, 1, 'Water Temperature', 23.28, 23.28, 0.9058303586605482, 0, '', '2022-06-30 15:11:45'),
(785, 1, 'Water Temperature', 23.25, 23.25, 0.6741458439571676, 0, '', '2022-06-30 15:11:46'),
(786, 1, 'Water Temperature', 23.24, 23.24, 0.7734149243583226, 0, '', '2022-06-30 15:11:47'),
(787, 1, 'Water Temperature', 23.19, 23.19, 0.4830868604453552, 0, '', '2022-06-30 15:11:48'),
(788, 1, 'Water Temperature', 23.23, 23.23, 0.8655447900730932, 0, '', '2022-06-30 15:11:49'),
(789, 1, 'Water Temperature', 23.22, 23.22, 0.6741458439571676, 0, '', '2022-06-30 15:11:50'),
(790, 1, 'Water Temperature', 23.21, 23.21, 0.6501784803671626, 0, '', '2022-06-30 15:11:51'),
(791, 1, 'Water Temperature', 23.18, 23.18, 0.5352711201767845, 0, '', '2022-06-30 15:11:52'),
(792, 1, 'Water Temperature', 23.18, 23.18, 0.736528981812003, 0, '', '2022-06-30 15:11:53'),
(793, 1, 'Water Temperature', 23.15, 23.15, 0.5242223355430943, 0, '', '2022-06-30 15:11:54'),
(794, 1, 'Water Temperature', 23.14, 23.14, 0.6627570967193638, 0, '', '2022-06-30 15:11:55'),
(795, 1, 'Water Temperature', 23.18, 23.18, 0.9058303586605482, 0, '', '2022-06-30 15:11:56'),
(796, 1, 'Water Temperature', 23.17, 23.17, 0.6209416964133978, 0, '', '2022-06-30 15:11:57'),
(797, 1, 'Water Temperature', 23.49, 23.49, 0.04521502634710395, 0, '', '2022-06-30 15:11:58'),
(798, 1, 'Water Temperature', 23.67, 23.67, 0.3190549039605699, 0, '', '2022-06-30 15:11:59'),
(799, 1, 'Water Temperature', 23.7, 23.7, 0.5889852116267247, 0, '', '2022-06-30 15:12:00'),
(800, 1, 'Water Temperature', 23.45, 23.45, 0.026347101818801177, 0, '', '2022-06-30 15:12:01'),
(801, 1, 'Water Temperature', 23.4, 23.4, 0.28692843787183986, 0, '', '2022-06-30 15:12:02'),
(802, 1, 'Water Temperature', 23.57, 23.57, 0.3190549039605699, 0, '', '2022-06-30 15:12:03'),
(803, 1, 'Water Temperature', 24.11, 24.11, 0.00917899031106617, 0, '', '2022-06-30 15:12:04'),
(804, 1, 'Water Temperature', 24.41, 24.41, 0.08108108108108503, 0, '', '2022-06-30 15:12:05'),
(805, 1, 'Water Temperature', 24.53, 24.53, 0.6000339962604148, 0, '', '2022-06-30 15:12:06'),
(806, 1, 'Water Temperature', 24.6, 24.6, 0.8351181370049309, 0, '', '2022-06-30 15:12:07'),
(807, 1, 'Water Temperature', 24.73, 24.73, 0.44467108618052464, 0, '', '2022-06-30 15:12:08'),
(808, 1, 'Water Temperature', 24.97, 24.97, 0.0928097909230029, 0, '', '2022-06-30 15:12:09'),
(809, 1, 'Water Temperature', 25.07, 25.07, 0.3190549039605699, 0, '', '2022-06-30 15:12:10'),
(810, 1, 'Water Temperature', 25.22, 25.22, 0.12170661227265589, 0, '', '2022-06-30 15:12:11'),
(811, 1, 'Water Temperature', 25.37, 25.37, 0.08601053884073162, 0, '', '2022-06-30 15:12:12'),
(812, 1, 'Water Temperature', 25.48, 25.48, 0.08108108108108503, 0, '', '2022-06-30 15:12:13'),
(813, 1, 'Water Temperature', 25.5, 25.5, 0.13649498555159556, 0, '', '2022-06-30 15:12:14'),
(814, 1, 'Water Temperature', 25.62, 25.62, 0.03790583035866235, 0, '', '2022-06-30 15:12:15'),
(815, 1, 'Water Temperature', 25.65, 25.65, 0.06935237123916704, 0, '', '2022-06-30 15:12:16'),
(816, 1, 'Water Temperature', 25.61, 25.61, 0.12153663097059908, 0, '', '2022-06-30 15:12:17'),
(817, 1, 'Water Temperature', 25.63, 25.63, 0.05677375488696512, 0, '', '2022-06-30 15:12:18'),
(818, 1, 'Water Temperature', 25.6, 25.6, 0.08431072582016386, 0, '', '2022-06-30 15:12:19'),
(819, 1, 'Water Temperature', 25.57, 25.57, 0.07887132415434683, 0, '', '2022-06-30 15:12:20'),
(820, 1, 'Water Temperature', 25.57, 25.57, 0.053034166241715974, 0, '', '2022-06-30 15:12:21'),
(821, 1, 'Water Temperature', 25.57, 25.57, 0.05031446540880746, 0, '', '2022-06-30 15:12:22'),
(822, 1, 'Water Temperature', 25.55, 25.55, 0.05864354920958981, 0, '', '2022-06-30 15:12:23'),
(823, 1, 'Water Temperature', 25.51, 25.51, 0.07241203467618906, 0, '', '2022-06-30 15:12:24'),
(824, 1, 'Water Temperature', 25.49, 25.49, 0.06068332483427119, 0, '', '2022-06-30 15:12:25'),
(825, 1, 'Water Temperature', 25.48, 25.48, 0.05864354920958981, 0, '', '2022-06-30 15:12:26'),
(826, 1, 'Water Temperature', 25.4, 25.4, 0.1271460139384728, 0, '', '2022-06-30 15:12:27'),
(827, 1, 'Water Temperature', 25.31, 25.31, 0.16454190039096384, 0, '', '2022-06-30 15:12:28'),
(828, 1, 'Water Temperature', 25.24, 25.24, 0.1551929287778412, 0, '', '2022-06-30 15:12:30'),
(829, 1, 'Water Temperature', 25.11, 25.11, 0.38194798572157573, 0, '', '2022-06-30 15:12:31'),
(830, 1, 'Water Temperature', 24.9, 24.9, 0.9058303586605482, 0, '', '2022-06-30 15:12:32'),
(831, 1, 'Water Temperature', 24.72, 24.72, 0.8655447900730932, 0, '', '2022-06-30 15:12:33'),
(832, 1, 'Water Temperature', 24.58, 24.58, 0.7198708142104393, 0, '', '2022-06-30 15:12:34'),
(833, 1, 'Water Temperature', 24.46, 24.46, 0.6401495835458131, 0, '', '2022-06-30 15:12:35'),
(834, 1, 'Water Temperature', 24.32, 24.32, 0.8099609043005286, 0, '', '2022-06-30 15:12:36'),
(835, 1, 'Water Temperature', 24.34, 24.34, 0.13836477987422025, 0, '', '2022-06-30 15:12:37'),
(836, 1, 'Water Temperature', 24.28, 24.28, 0.472038075811665, 0, '', '2022-06-30 15:12:38'),
(837, 1, 'Water Temperature', 24.27, 24.27, 0.3156552779194344, 0, '', '2022-06-30 15:12:39'),
(838, 1, 'Water Temperature', 24.18, 24.18, 0.8655447900730932, 0, '', '2022-06-30 15:12:40'),
(839, 1, 'Water Temperature', 23.95, 23.95, 0.17440081591025713, 0, '', '2022-06-30 15:12:41'),
(840, 1, 'Water Temperature', 23.84, 23.84, 0.705252422233557, 0, '', '2022-06-30 15:12:42'),
(841, 1, 'Water Temperature', 23.79, 23.79, 0.8655447900730932, 0, '', '2022-06-30 15:12:43'),
(842, 1, 'Water Temperature', 23.64, 23.64, 0.3749787523372481, 0, '', '2022-06-30 15:12:44'),
(843, 1, 'Water Temperature', 23.58, 23.58, 0.9058303586605482, 0, '', '2022-06-30 15:12:45'),
(844, 1, 'Water Temperature', 23.53, 23.53, 0.8655447900730932, 0, '', '2022-06-30 15:12:46'),
(845, 1, 'Water Temperature', 23.43, 23.43, 0.609552949175594, 0, '', '2022-06-30 15:12:47'),
(846, 1, 'Water Temperature', 23.41, 23.41, 0.7931327553969082, 0, '', '2022-06-30 15:12:48'),
(847, 1, 'Water Temperature', 23.41, 23.41, 0.7198708142104393, 0, '', '2022-06-30 15:12:49'),
(848, 1, 'Water Temperature', 23.36, 23.36, 0.736528981812003, 0, '', '2022-06-30 15:12:50'),
(849, 1, 'Water Temperature', 23.45, 23.45, 0.3557708652048328, 0, '', '2022-06-30 15:12:51'),
(850, 1, 'Water Temperature', 23.49, 23.49, 0.7734149243583226, 0, '', '2022-06-30 15:12:52'),
(851, 1, 'Water Temperature', 23.48, 23.48, 0.7198708142104393, 0, '', '2022-06-30 15:12:53'),
(852, 1, 'Water Temperature', 23.65, 23.65, 0.20176780554139784, 0, '', '2022-06-30 15:12:54'),
(853, 1, 'Water Temperature', 23.73, 23.73, 0.7734149243583226, 0, '', '2022-06-30 15:12:55'),
(854, 1, 'Water Temperature', 23.74, 23.74, 0.6209416964133978, 0, '', '2022-06-30 15:12:56'),
(855, 1, 'Water Temperature', 23.79, 23.79, 0.9058303586605482, 0, '', '2022-06-30 15:12:57'),
(856, 1, 'Water Temperature', 24.05, 24.05, 0.10776814550399971, 0, '', '2022-06-30 15:12:58'),
(857, 1, 'Water Temperature', 24.15, 24.15, 0.7931327553969082, 0, '', '2022-06-30 15:12:59'),
(858, 1, 'Water Temperature', 24.26, 24.26, 0.6401495835458131, 0, '', '2022-06-30 15:13:00'),
(859, 1, 'Water Temperature', 24.26, 24.26, 0.6209416964133978, 0, '', '2022-06-30 15:13:01'),
(860, 1, 'Water Temperature', 24.27, 24.27, 0.6741458439571676, 0, '', '2022-06-30 15:13:02'),
(861, 1, 'Water Temperature', 24.24, 24.24, 0.49039605643379647, 0, '', '2022-06-30 15:13:03'),
(862, 1, 'Water Temperature', 24.24, 24.24, 0.7734149243583226, 0, '', '2022-06-30 15:13:04'),
(863, 1, 'Water Temperature', 24.12, 24.12, 0.21536630970593929, 0, '', '2022-06-30 15:13:05'),
(864, 1, 'Water Temperature', 24.14, 24.14, 0.8655447900730932, 0, '', '2022-06-30 15:13:06'),
(865, 1, 'Water Temperature', 24.15, 24.15, 0.8351181370049309, 0, '', '2022-06-30 15:13:07'),
(866, 1, 'Water Temperature', 24.1, 24.1, 0.7198708142104393, 0, '', '2022-06-30 15:13:08'),
(867, 1, 'Water Temperature', 24.08, 24.08, 0.9058303586605482, 0, '', '2022-06-30 15:13:09'),
(868, 1, 'Water Temperature', 24.04, 24.04, 0.8351181370049309, 0, '', '2022-06-30 15:13:10'),
(869, 1, 'Water Temperature', 24.06, 24.06, 0.6867244603093687, 0, '', '2022-06-30 15:13:11'),
(870, 1, 'Water Temperature', 24.01, 24.01, 0.736528981812003, 0, '', '2022-06-30 15:13:12'),
(871, 1, 'Water Temperature', 23.97, 23.97, 0.8099609043005286, 0, '', '2022-06-30 15:13:13'),
(872, 1, 'Water Temperature', 23.89, 23.89, 0.5158932517423124, 0, '', '2022-06-30 15:13:14'),
(873, 1, 'Water Temperature', 23.86, 23.86, 0.8351181370049309, 0, '', '2022-06-30 15:13:15'),
(874, 1, 'Water Temperature', 23.81, 23.81, 0.736528981812003, 0, '', '2022-06-30 15:13:16'),
(875, 1, 'Water Temperature', 23.75, 23.75, 0.6501784803671626, 0, '', '2022-06-30 15:13:17'),
(876, 1, 'Water Temperature', 23.69, 23.69, 0.6741458439571676, 0, '', '2022-06-30 15:13:18'),
(877, 1, 'Water Temperature', 23.61, 23.61, 0.5242223355430943, 0, '', '2022-06-30 15:13:19'),
(878, 1, 'Water Temperature', 23.53, 23.53, 0.5524392316845185, 0, '', '2022-06-30 15:13:20'),
(879, 1, 'Water Temperature', 23.47, 23.47, 0.6867244603093687, 0, '', '2022-06-30 15:13:21'),
(880, 1, 'Water Temperature', 23.4, 23.4, 0.6209416964133978, 0, '', '2022-06-30 15:13:22'),
(881, 1, 'Water Temperature', 23.41, 23.41, 0.7734149243583226, 0, '', '2022-06-30 15:13:23'),
(882, 1, 'Water Temperature', 23.45, 23.45, 0.6280809110997823, 0, '', '2022-06-30 15:13:24'),
(883, 1, 'Water Temperature', 23.47, 23.47, 0.8351181370049309, 0, '', '2022-06-30 15:13:25'),
(884, 1, 'Water Temperature', 23.51, 23.51, 0.7734149243583226, 0, '', '2022-06-30 15:13:26'),
(885, 1, 'Water Temperature', 23.53, 23.53, 0.9058303586605482, 0, '', '2022-06-30 15:13:27'),
(886, 1, 'Water Temperature', 23.53, 23.53, 0.736528981812003, 0, '', '2022-06-30 15:13:28'),
(887, 1, 'Water Temperature', 23.45, 23.45, 0.26398096209417565, 0, '', '2022-06-30 15:13:29'),
(888, 1, 'Water Temperature', 23.48, 23.48, 0.9058303586605482, 0, '', '2022-06-30 15:13:30'),
(889, 1, 'Water Temperature', 23.45, 23.45, 0.49039605643379647, 0, '', '2022-06-30 15:13:31'),
(890, 1, 'Water Temperature', 23.47, 23.47, 0.8351181370049309, 0, '', '2022-06-30 15:13:32'),
(891, 1, 'Water Temperature', 23.3, 23.3, 0.10215876253612599, 0, '', '2022-06-30 15:13:33'),
(892, 1, 'Water Temperature', 23.51, 23.51, 0.11116777154513535, 0, '', '2022-06-30 15:13:34'),
(893, 1, 'Water Temperature', 23.35, 23.35, 0.10674825769165908, 0, '', '2022-06-30 15:13:35'),
(894, 1, 'Water Temperature', 23.41, 23.41, 0.705252422233557, 0, '', '2022-06-30 15:13:36'),
(895, 1, 'Water Temperature', 23.45, 23.45, 0.8351181370049309, 0, '', '2022-06-30 15:13:37'),
(896, 1, 'Water Temperature', 23.84, 23.84, 0.0219275879653249, 0, '', '2022-06-30 15:13:38'),
(897, 1, 'Water Temperature', 23.81, 23.81, 0.36274009858916045, 0, '', '2022-06-30 15:13:39'),
(898, 1, 'Water Temperature', 23.91, 23.91, 0.6867244603093687, 0, '', '2022-06-30 15:13:40'),
(899, 1, 'Water Temperature', 24.16, 24.16, 0.11762706102329312, 0, '', '2022-06-30 15:13:41'),
(900, 1, 'Water Temperature', 24.21, 24.21, 0.6867244603093687, 0, '', '2022-06-30 15:13:42'),
(901, 1, 'Water Temperature', 24.28, 24.28, 0.9058303586605482, 0, '', '2022-06-30 15:13:43'),
(902, 1, 'Water Temperature', 24.32, 24.32, 0.8655447900730932, 0, '', '2022-06-30 15:13:44'),
(903, 1, 'Water Temperature', 24.51, 24.51, 0.20754716981132793, 0, '', '2022-06-30 15:13:45'),
(904, 1, 'Water Temperature', 24.76, 24.76, 0.09433962264151396, 0, '', '2022-06-30 15:13:46'),
(905, 1, 'Water Temperature', 24.94, 24.94, 0.13173550909400566, 0, '', '2022-06-30 15:13:47'),
(906, 1, 'Water Temperature', 25.01, 25.01, 0.3518612952575271, 0, '', '2022-06-30 15:13:48'),
(907, 1, 'Water Temperature', 25.12, 25.12, 0.17372089070203, 0, '', '2022-06-30 15:13:49'),
(908, 1, 'Water Temperature', 25.3, 25.3, 0.062213156552782145, 0, '', '2022-06-30 15:13:50'),
(909, 1, 'Water Temperature', 25.44, 25.44, 0.06476287608363396, 0, '', '2022-06-30 15:13:51'),
(910, 1, 'Water Temperature', 25.45, 25.45, 0.16947135815061054, 0, '', '2022-06-30 15:13:52'),
(911, 1, 'Water Temperature', 25.61, 25.61, 0.030766615672277564, 0, '', '2022-06-30 15:13:53'),
(912, 1, 'Water Temperature', 25.72, 25.72, 0.03501614822369703, 0, '', '2022-06-30 15:13:54'),
(913, 1, 'Water Temperature', 25.8, 25.8, 0.03263640999490214, 0, '', '2022-06-30 15:13:55');

-- --------------------------------------------------------

--
-- Estrutura da tabela `metric`
--

CREATE TABLE `metric` (
  `name` varchar(30) NOT NULL
) ENGINE=InnoDB DEFAULT CHARSET=utf8mb4 COLLATE=utf8mb4_0900_ai_ci;

--
-- Extraindo dados da tabela `metric`
--

INSERT INTO `metric` (`name`) VALUES
('pH'),
('Salinity'),
('Water Temperature');

-- --------------------------------------------------------

--
-- Estrutura da tabela `sensor`
--

CREATE TABLE `sensor` (
  `id` int NOT NULL,
  `metric_name` varchar(30) NOT NULL,
  `station_id` int NOT NULL,
  `status` varchar(30) NOT NULL
) ENGINE=InnoDB DEFAULT CHARSET=utf8mb4 COLLATE=utf8mb4_0900_ai_ci;

--
-- Extraindo dados da tabela `sensor`
--

INSERT INTO `sensor` (`id`, `metric_name`, `station_id`, `status`) VALUES
(1, 'Salinity', 1, 'Connected'),
(2, 'Water Temperature', 1, 'Connected'),
(65, 'pH', 1, 'Connected');

-- --------------------------------------------------------

--
-- Estrutura da tabela `station`
--

CREATE TABLE `station` (
  `id` int NOT NULL,
  `name` varchar(30) NOT NULL,
  `latitude` float NOT NULL,
  `longitude` float NOT NULL
) ENGINE=InnoDB DEFAULT CHARSET=utf8mb4 COLLATE=utf8mb4_0900_ai_ci;

--
-- Extraindo dados da tabela `station`
--

INSERT INTO `station` (`id`, `name`, `latitude`, `longitude`) VALUES
(1, 'lnec', 38.6449, -9.10469),
(22, 'dsdma', 46.2317, -123.961),
(23, 'jettya', 46.2741, -124.058),
(24, 'sandi', 46.2754, -124.05),
(25, 'tansy', 46.1892, -123.92);

-- --------------------------------------------------------

--
-- Estrutura da tabela `status`
--

CREATE TABLE `status` (
  `status` varchar(30) NOT NULL
) ENGINE=InnoDB DEFAULT CHARSET=utf8mb4 COLLATE=utf8mb4_0900_ai_ci;

--
-- Extraindo dados da tabela `status`
--

INSERT INTO `status` (`status`) VALUES
('Connected'),
('Disconnected'),
('Inactive');

--
-- Índices para tabelas despejadas
--

--
-- Índices para tabela `measurement`
--
ALTER TABLE `measurement`
  ADD PRIMARY KEY (`id`),
  ADD KEY `ck_metric_value` (`metric_name`),
  ADD KEY `ck_station_id` (`station_id`) USING BTREE;

--
-- Índices para tabela `metric`
--
ALTER TABLE `metric`
  ADD PRIMARY KEY (`name`);

--
-- Índices para tabela `sensor`
--
ALTER TABLE `sensor`
  ADD PRIMARY KEY (`id`),
  ADD KEY `ck_station` (`station_id`),
  ADD KEY `ck_metric` (`metric_name`),
  ADD KEY `ck_status` (`status`);

--
-- Índices para tabela `station`
--
ALTER TABLE `station`
  ADD PRIMARY KEY (`id`);

--
-- Índices para tabela `status`
--
ALTER TABLE `status`
  ADD PRIMARY KEY (`status`);

--
-- AUTO_INCREMENT de tabelas despejadas
--

--
-- AUTO_INCREMENT de tabela `measurement`
--
ALTER TABLE `measurement`
  MODIFY `id` int NOT NULL AUTO_INCREMENT, AUTO_INCREMENT=914;

--
-- AUTO_INCREMENT de tabela `sensor`
--
ALTER TABLE `sensor`
  MODIFY `id` int NOT NULL AUTO_INCREMENT, AUTO_INCREMENT=66;

--
-- AUTO_INCREMENT de tabela `station`
--
ALTER TABLE `station`
  MODIFY `id` int NOT NULL AUTO_INCREMENT, AUTO_INCREMENT=26;

--
-- Restrições para despejos de tabelas
--

--
-- Limitadores para a tabela `measurement`
--
ALTER TABLE `measurement`
  ADD CONSTRAINT `ck_metric_value` FOREIGN KEY (`metric_name`) REFERENCES `metric` (`name`) ON DELETE CASCADE ON UPDATE CASCADE,
  ADD CONSTRAINT `ck_station_id` FOREIGN KEY (`station_id`) REFERENCES `station` (`id`) ON DELETE CASCADE ON UPDATE CASCADE;

--
-- Limitadores para a tabela `sensor`
--
ALTER TABLE `sensor`
  ADD CONSTRAINT `ck_metric` FOREIGN KEY (`metric_name`) REFERENCES `metric` (`name`) ON DELETE CASCADE ON UPDATE CASCADE,
  ADD CONSTRAINT `ck_station` FOREIGN KEY (`station_id`) REFERENCES `station` (`id`) ON DELETE CASCADE ON UPDATE CASCADE,
  ADD CONSTRAINT `ck_status` FOREIGN KEY (`status`) REFERENCES `status` (`status`) ON DELETE CASCADE ON UPDATE CASCADE;
COMMIT;

/*!40101 SET CHARACTER_SET_CLIENT=@OLD_CHARACTER_SET_CLIENT */;
/*!40101 SET CHARACTER_SET_RESULTS=@OLD_CHARACTER_SET_RESULTS */;
/*!40101 SET COLLATION_CONNECTION=@OLD_COLLATION_CONNECTION */;
